Link,Category,Number Of Categories
/lists/22f5x52u/bunnicula,"Grade 6,Grade 7,Grade 8",3
/lists/25x6nyvl/absolutely-normal-chaos,Grade 8,1
/lists/26dacaqp/butterfly-yellow,"Grade 9,Grade 10,Grade 11,Grade 12",4
/lists/2b5pncfv/kite-fighters,"Grade 5,Grade 6,Grade 7,Grade 8,Grade 9,Grade 10,Grade 11,Grade 12",8
/lists/2bzle7d4/honestly-elliott,Grade 5,1
/lists/2dij7yjy/blood-water-paint,"Grade 9,Grade 10,Grade 11,Grade 12",4
/lists/2dwh5nrs/cardboard-kingdom,"Grade 5,Grade 7,Grade 8,Grade 9,Grade 10,Grade 11,Grade 12",7
/lists/2e2j7oqx/kindred,"Grade 9,Grade 10,Grade 11,Grade 12",4
/lists/2edf23an/our-only-may-amelia,"Grade 5,Grade 6,Grade 7,Grade 8,Grade 9,Grade 10,Grade 11,Grade 12",8
/lists/2eozgdrf/my-life-with-the-chimpanzees,"Grade 9,Grade 10,Grade 11,Grade 12",4
/lists/2eu3j24h/selected-short-stories-of-h-g-wells,"Grade 6,Grade 7,Grade 8,Grade 9,Grade 10,Grade 11,Grade 12",7
/lists/2g2c3ynd/of-mice-and-men,"Grade 9,Grade 11",2
/lists/2hdagiid/mississippi-trial-1955,"Grade 6,Grade 7,Grade 8",3
/lists/2hejxe37/glory-field,"Grade 6,Grade 7,Grade 8,Grade 9,Grade 10,Grade 11,Grade 12",7
/lists/2heoc2th/love-from-a-to-z,"Grade 6,Grade 7,Grade 8,Grade 9,Grade 10,Grade 11,Grade 12",7
/lists/2htbte3a/its-kind-of-a-funny-story,"Grade 9,Grade 10,Grade 11,Grade 12",4
/lists/2hwkcqlb/monster,Grade 9,1
/lists/2i2p67wx/refugee,"Grade 6,Grade 7,Grade 8",3
/lists/2iafniek/rez-dogs,Grade 5,1
/lists/2jynkjxz/when-the-angels-left-the-old-country,"Grade 6,Grade 7,Grade 8,Grade 9,Grade 10,Grade 11,Grade 12",7
/lists/2l2daxm3/black-boy,"Grade 7,Grade 8,Grade 9,Grade 10,Grade 11,Grade 12",6
/lists/2l44yk6q/this-was-our-pact,"Grade 5,Grade 7,Grade 8,Grade 9,Grade 10,Grade 11,Grade 12",7
/lists/2lje57q7/mr-poppers-penguins,"Grade 6,Grade 7,Grade 8",3
/lists/2ljn37ry/apple,"Grade 7,Grade 8,Grade 9,Grade 10,Grade 11,Grade 12",6
/lists/2n4bmbvg/last-cuentista,"Grade 6,Grade 7,Grade 8",3
/lists/2nlywnbn/selected-short-stories-of-flannery-oconnor,Grade 12,1
/lists/2nuks26g/dubliners,"Grade 6,Grade 7,Grade 8,Grade 9,Grade 10,Grade 11,Grade 12",7
/lists/2puwfsam/roll-of-thunder-hear-my-cry,"Grade 5,Grade 6,Grade 7,Grade 8",4
/lists/2rdboxdq/passage-to-india,"Grade 6,Grade 7,Grade 8,Grade 9,Grade 10,Grade 11,Grade 12",7
/lists/2rhlxr7x/pygmalion,"Grade 6,Grade 7,Grade 8,Grade 9,Grade 10,Grade 11,Grade 12",7
/lists/2rie432r/amari-and-the-great-game,Grade 5,1
/lists/2rkmp7e3/shane,"Grade 9,Grade 10,Grade 11,Grade 12",4
/lists/2rui7ryj/cricket-in-times-square,"Grade 6,Grade 7,Grade 8",3
/lists/2rvbtvjl/two-roads,"Grade 6,Grade 7,Grade 8",3
/lists/2sqqkqm2/evolution-of-calpurnia-tate,"Grade 5,Grade 6,Grade 7,Grade 8",4
/lists/2u3daqac/whirligig,Grade 9,1
/lists/2v2w6pjn/150-words-every-5th-grader-should-know,Grade 5,1
/lists/2v45ocvp/oedipus-at-colonus,"Grade 9,Grade 10,Grade 11,Grade 12",4
/lists/2vk2ufbb/marcus-vega-doesnt-speak-spanish,"Grade 6,Grade 7,Grade 8,Grade 9,Grade 10,Grade 11,Grade 12",7
/lists/2wd4tpoc/sir-gawain-and-the-green-knight,Grade 12,1
/lists/2xecodad/commonly-confused-words-grade-7,Grade 7,1
/lists/2xi2vguo/other-wes-moore,"Grade 9,Grade 10,Grade 11,Grade 12",4
/lists/2xsie3i7/first-man-the-life-of-neil-a-armstrong,"Grade 9,Grade 10,Grade 11,Grade 12",4
/lists/2z2huuiv/appetite-for-instruction,"Grade 9,Grade 10",2
/lists/2zikuavr/thirteen-reasons-why,"Grade 9,Grade 10,Grade 11,Grade 12",4
/lists/33febwmy/dig,Grade 11,1
/lists/34jlkcgi/diary-of-a-young-girl,"Grade 5,Grade 6,Grade 7,Grade 8,Grade 9,Grade 10,Grade 11,Grade 12",8
/lists/355rpybm/little-brother,Grade 12,1
/lists/355t65nl/boy-tales-of-childhood,Grade 5,1
/lists/35fy4at4/unsung-hero-of-birdsong-usa,"Grade 6,Grade 7,Grade 8",3
/lists/36dcwn7g/great-gatsby,Grade 11,1
/lists/36odwfje/room-of-ones-own,"Grade 9,Grade 10,Grade 11,Grade 12",4
/lists/36pi5wam/writing-in-the-classroom-high-school,"Grade 9,Grade 10,Grade 11,Grade 12",4
/lists/3au3smoc/bluest-eye,"Grade 11,Grade 12",2
/lists/3b7lwwov/school-for-good-and-evil,"Grade 6,Grade 7,Grade 8",3
/lists/3bynocr4/while-the-world-watched,"Grade 6,Grade 7,Grade 8,Grade 9,Grade 10,Grade 11,Grade 12",7
/lists/3cqyhv5k/girl-who-drank-the-moon,Grade 7,1
/lists/3hkftev5/harriet-the-spy,Grade 5,1
/lists/3i2pgclf/fountains-of-silence,"Grade 6,Grade 7,Grade 8,Grade 9,Grade 10,Grade 11,Grade 12",7
/lists/3i4pmtfx/p-s-be-eleven,"Grade 5,Grade 6,Grade 7,Grade 8",4
/lists/3i64xz5w/summer-of-bitter-and-sweet,"Grade 6,Grade 7,Grade 8,Grade 9,Grade 10,Grade 11,Grade 12",7
/lists/3imjexrf/stuart-little,"Grade 5,Grade 6,Grade 7,Grade 8",4
/lists/3jfb7kv5/george-washington-spymaster,"Grade 6,Grade 7,Grade 8,Grade 9,Grade 10,Grade 11,Grade 12",7
/lists/3jrxktbl/displacement,"Grade 6,Grade 7,Grade 8,Grade 9,Grade 10,Grade 11,Grade 12",7
/lists/3jsoef2o/house-of-the-spirits,"Grade 6,Grade 7,Grade 8,Grade 9,Grade 10,Grade 11,Grade 12",7
/lists/3kqoob3g/cosmos,"Grade 9,Grade 10,Grade 11,Grade 12",4
/lists/3kvyxene/long-way-from-chicago,"Grade 5,Grade 6,Grade 7,Grade 8",4
/lists/3lwzi4oe/commonly-confused-words-grade-6,Grade 6,1
/lists/3mcelvhg/plot-to-kill-hitler,"Grade 6,Grade 7,Grade 8,Grade 9,Grade 10,Grade 11,Grade 12",7
/lists/3mqwssvs/5th-grade-government-and-economics,Grade 5,1
/lists/3nh6yjsx/orphan-train,"Grade 9,Grade 10,Grade 11,Grade 12",4
/lists/3nmvqnk3/war-of-the-worlds,Grade 8,1
/lists/3obfv2bx/hitchhikers-guide-to-the-galaxy,"Grade 6,Grade 7,Grade 8,Grade 9,Grade 10,Grade 11,Grade 12",7
/lists/3p22v4ux/like-a-love-story,"Grade 9,Grade 10,Grade 11,Grade 12",4
/lists/3ps6caxd/freakonomics,"Grade 6,Grade 7,Grade 8,Grade 9,Grade 10,Grade 11,Grade 12",7
/lists/3qg3ufxg/under-the-blood-red-sun,"Grade 6,Grade 7,Grade 8",3
/lists/3s5khhwx/night-diary,"Grade 5,Grade 6,Grade 7,Grade 8,Grade 9,Grade 10,Grade 11,Grade 12",8
/lists/3ubaoalv/phineas-l-macguire-erupts,Grade 5,1
/lists/3v3c36jy/florida-collections-grade-12,Grade 12,1
/lists/3yy6ha34/harriet-tubman,"Grade 6,Grade 7,Grade 8,Grade 9,Grade 10,Grade 11,Grade 12",7
/lists/42rldwmn/miracle-worker,"Grade 6,Grade 7,Grade 8,Grade 9,Grade 10,Grade 11,Grade 12",7
/lists/43iooaqy/feed,"Grade 7,Grade 9,Grade 10,Grade 11,Grade 12",5
/lists/44elujac/grades-1012-this-one,Grade 12,1
/lists/47bbq27v/class-matters,"Grade 6,Grade 7,Grade 8,Grade 9,Grade 10,Grade 11,Grade 12",7
/lists/47yd6hvn/around-the-world-in-eighty-days,"Grade 6,Grade 7,Grade 8,Grade 9,Grade 10,Grade 11,Grade 12",7
/lists/4b2b7pxk/chi-lin-purse,"Grade 6,Grade 7,Grade 8,Grade 9,Grade 10,Grade 11,Grade 12",7
/lists/4bdmnvkk/out-of-my-mind,"Grade 5,Grade 6,Grade 9",3
/lists/4bgbjpyn/farewell-to-manzanar,"Grade 6,Grade 7,Grade 8,Grade 9,Grade 10,Grade 11,Grade 12",7
/lists/4bm6w32e/words-every-5th-grader-should-know-how-to-spell,Grade 5,1
/lists/4cfp6ax5/rosencrantz-and-guildenstern-are-dead,"Grade 9,Grade 10,Grade 11,Grade 12",4
/lists/4cqtrkob/starfish,"Grade 6,Grade 7,Grade 8",3
/lists/4edaqdv6/bridge-to-terabithia,"Grade 5,Grade 6,Grade 7,Grade 8",4
/lists/4ejzxg4g/language-of-standardized-tests,"Grade 9,Grade 10,Grade 11,Grade 12",4
/lists/4exx5n4a/my-sisters-keeper,"Grade 9,Grade 10,Grade 11,Grade 12",4
/lists/4gtqxcii/antigone,"Grade 9,Grade 10,Grade 11,Grade 12",4
/lists/4igqtvq4/endgame,"Grade 9,Grade 10,Grade 11,Grade 12",4
/lists/4jog4jbw/ungifted,Grade 5,1
/lists/4l4dqxks/educated,"Grade 7,Grade 8,Grade 9,Grade 10,Grade 11,Grade 12",6
/lists/4m6bl2rj/pax,Grade 6,1
/lists/4mhdshjx/battle-of-the-books-202021,Grade 12,1
/lists/4oki6xt7/maze-runner,"Grade 7,Grade 8,Grade 9,Grade 10,Grade 11,Grade 12",6
/lists/4qnhhv7u/like-vanessa,"Grade 6,Grade 7,Grade 8",3
/lists/4rjiqxpc/poet-x,Grade 8,1
/lists/4rp5gas2/borrowers,Grade 5,1
/lists/4sdm5p7h/seabiscuit,"Grade 6,Grade 7,Grade 8",3
/lists/4shs46lu/writing-in-the-classroom-introductory,Grade 5,1
/lists/4t3bjqvs/genesis-begins-again,Grade 7,1
/lists/4ucd5vty/thirteen-doorways-wolves-behind-them-all,"Grade 6,Grade 7,Grade 8,Grade 9,Grade 10,Grade 11,Grade 12",7
/lists/4uyxcd72/catcher-in-the-rye,"Grade 9,Grade 10,Grade 11,Grade 12",4
/lists/4vb7hfxz/heidi,"Grade 6,Grade 7,Grade 8",3
/lists/4wxanbe7/twenty-thousand-leagues-under-the-sea,"Grade 10,Grade 11",2
/lists/4yj3loxq/how-the-garcia-girls-lost-their-accents,Grade 10,1
/lists/4yndrkxv/woman-all-spies-fear,"Grade 9,Grade 10,Grade 11,Grade 12",4
/lists/53ymosyg/i-am-not-your-perfect-mexican-daughter,Grade 8,1
/lists/54eh765a/flying-to-the-moon,"Grade 9,Grade 10,Grade 11,Grade 12",4
/lists/54yikz33/lions-of-little-rock,"Grade 5,Grade 6,Grade 7,Grade 8",4
/lists/55jusiis/boy-who-dared,"Grade 5,Grade 6,Grade 7,Grade 8,Grade 9,Grade 10,Grade 11,Grade 12",8
/lists/55zihbmj/half-of-a-yellow-sun,"Grade 9,Grade 10,Grade 11,Grade 12",4
/lists/57anmsue/jane-eyre,"Grade 11,Grade 12",2
/lists/57hwlzpl/feathers,"Grade 6,Grade 7,Grade 8",3
/lists/5bnifxeq/boots-on-the-ground-americas-war-in-vietnam,"Grade 6,Grade 7,Grade 8,Grade 9,Grade 10,Grade 11,Grade 12",7
/lists/5cs7o5wp/dune,"Grade 9,Grade 10,Grade 11,Grade 12",4
/lists/5dnfbau7/big-thirst,"Grade 6,Grade 7,Grade 8,Grade 9,Grade 10,Grade 11,Grade 12",7
/lists/5hj73tpp/finding-langston,"Grade 5,Grade 6,Grade 7,Grade 8",4
/lists/5i344hgy/nectar-in-a-sieve,"Grade 6,Grade 7,Grade 8,Grade 9,Grade 10,Grade 11,Grade 12",7
/lists/5iklptmc/orphan-train-girl,"Grade 5,Grade 6,Grade 7,Grade 8",4
/lists/5ivf5ty2/nothing-but-the-truth,Grade 7,1
/lists/5j4vyuhv/nazi-hunters,"Grade 6,Grade 7,Grade 8,Grade 9,Grade 10,Grade 11,Grade 12",7
/lists/5khonlqz/commonly-confused-words-grade-5,Grade 5,1
/lists/5lfsycms/crucible,"Grade 9,Grade 10,Grade 11,Grade 12",4
/lists/5lxmlmoe/rovers-story,Grade 5,1
/lists/5nhyucmm/long-way-down,"Grade 8,Grade 9",2
/lists/5ooyvp4n/mexican-whiteboy,"Grade 6,Grade 7,Grade 8,Grade 9,Grade 10,Grade 11,Grade 12",7
/lists/5payll5u/what-the-night-sings,"Grade 9,Grade 10,Grade 11,Grade 12",4
/lists/5vhr6iet/ben-franklin-of-old-philadelphia,"Grade 6,Grade 7,Grade 8",3
/lists/5vykmkps/120-challenging-words-for-11-graders,Grade 11,1
/lists/5wccj6wj/heart-of-darkness,Grade 10,1
/lists/5wgz6tvf/lady-windermeres-fan,"Grade 9,Grade 10,Grade 11,Grade 12",4
/lists/5xnajpuj/this-light-between-us,"Grade 6,Grade 7,Grade 8,Grade 9,Grade 10,Grade 11,Grade 12",7
/lists/5xqyeass/romeo-and-juliet,"Grade 7,Grade 9,Grade 11",3
/lists/5xqzvokc/reading-lolita-in-tehran,Grade 9,1
/lists/5zs3vbnj/zeitoun,"Grade 9,Grade 10,Grade 11,Grade 12",4
/lists/62p2nohj/creative-writing-middle-school,"Grade 6,Grade 7,Grade 8",3
/lists/62rs2ea3/stars-and-stripes,Grade 5,1
/lists/63wbwdqj/lord-jim,Grade 8,1
/lists/63zwgzmg/as-i-lay-dying,"Grade 11,Grade 12",2
/lists/64gvlsd6/faithful-spy,"Grade 6,Grade 7,Grade 8,Grade 9,Grade 10,Grade 11,Grade 12",7
/lists/64shqpqm/blackout,"Grade 6,Grade 7,Grade 8,Grade 9,Grade 10,Grade 11,Grade 12",7
/lists/64yaprnn/dragons-gate,"Grade 6,Grade 7,Grade 8",3
/lists/66ytudme/grapes-of-wrath,"Grade 6,Grade 7,Grade 8,Grade 9,Grade 10,Grade 11,Grade 12",7
/lists/6b4jt67q/145th-street,"Grade 6,Grade 7,Grade 8,Grade 9,Grade 10,Grade 11,Grade 12",7
/lists/6doix56p/sword-in-the-tree,"Grade 5,Grade 6,Grade 7,Grade 8,Grade 9,Grade 10,Grade 11,Grade 12",8
/lists/6gedkdzc/myperspectives-grade-8,Grade 8,1
/lists/6i646xqj/wintergirls,"Grade 9,Grade 10,Grade 11,Grade 12",4
/lists/6ijiwgh4/linked,Grade 5,1
/lists/6ilo46ai/sachiko,"Grade 6,Grade 7,Grade 8,Grade 9,Grade 10,Grade 11,Grade 12",7
/lists/6j6hmzop/unusual-chickens-for-the-exceptional-poultry-farmer,Grade 5,1
/lists/6neqxjwf/light-in-hidden-places,"Grade 9,Grade 10,Grade 11,Grade 12",4
/lists/6npww45i/whats-in-a-name,Grade 5,1
/lists/6ogrop4t/last-beekeeper,"Grade 6,Grade 7,Grade 8",3
/lists/6ojqilks/light-in-the-darkness,"Grade 6,Grade 7,Grade 8,Grade 9,Grade 10,Grade 11,Grade 12",7
/lists/6ol73mc7/masterminds,Grade 5,1
/lists/6pe2bvrz/guns-germs-and-steel,"Grade 6,Grade 7,Grade 8,Grade 9,Grade 10,Grade 11,Grade 12",7
/lists/6r3vyt7r/lincolns-grave-robbers,"Grade 6,Grade 7,Grade 8,Grade 9,Grade 10,Grade 11,Grade 12",7
/lists/6s44ozil/friday-night-lights,Grade 10,1
/lists/6skrnd6t/long-way-home,"Grade 7,Grade 8,Grade 9,Grade 10,Grade 11,Grade 12",6
/lists/6v5axsxb/fresh-ink,"Grade 6,Grade 7,Grade 8,Grade 9,Grade 10,Grade 11,Grade 12",7
/lists/6vcuikpd/all-my-sons,"Grade 6,Grade 7,Grade 8,Grade 9,Grade 10,Grade 11,Grade 12",7
/lists/6vqkxi7q/bend-in-the-river,"Grade 6,Grade 7,Grade 8,Grade 9,Grade 10,Grade 11,Grade 12",7
/lists/6vwtnfst/black-kids,"Grade 9,Grade 10,Grade 11,Grade 12",4
/lists/6woosd5j/turtle-in-paradise,Grade 5,1
/lists/6wtffwqe/vincent-and-theo,"Grade 6,Grade 7,Grade 8,Grade 9,Grade 10,Grade 11,Grade 12",7
/lists/6ygwqzol/graveyard-book,Grade 6,1
/lists/6z3umhtf/grade-5,Grade 5,1
/lists/6zn2zcmu/children-of-blood-and-bone,Grade 8,1
/lists/6zody5y3/esperanza-rising,Grade 5,1
/lists/72ofxrtn/frankenstein,"Grade 10,Grade 12",2
/lists/73tsfezr/fahrenheit-451,"Grade 9,Grade 10,Grade 11,Grade 12",4
/lists/77bkzovc/my-side-of-the-mountain,"Grade 6,Grade 7,Grade 8,Grade 11",4
/lists/77omg6g5/circumference,"Grade 9,Grade 10",2
/lists/7bnkp5uc/crispin-the-cross-of-lead,"Grade 5,Grade 6,Grade 7,Grade 8",4
/lists/7d34ll2z/by-the-great-horn-spoon,Grade 5,1
/lists/7e6dhalb/carry-on-mr-bowditch,"Grade 6,Grade 7,Grade 8",3
/lists/7el2obqu/americanah,"Grade 6,Grade 7,Grade 8,Grade 9,Grade 10,Grade 11,Grade 12",7
/lists/7huzzjxv/rules,Grade 5,1
/lists/7imftoaa/beowulf,Grade 12,1
/lists/7ipf2nej/one-half-from-the-east,"Grade 6,Grade 7,Grade 8,Grade 9,Grade 10,Grade 11,Grade 12",7
/lists/7isccfd2/candide,"Grade 9,Grade 10",2
/lists/7iw4n4kz/purple-hibiscus,"Grade 6,Grade 7,Grade 8,Grade 9,Grade 10,Grade 11,Grade 12",7
/lists/7lmoh4cx/sugar,"Grade 5,Grade 6,Grade 7,Grade 8",4
/lists/7ma5mfw6/founding-brothers,"Grade 6,Grade 7,Grade 8,Grade 9,Grade 10,Grade 11,Grade 12",7
/lists/7mdntuqn/foreign-words-and-phrases-commonly-used-by-english-speakers,"Grade 5,Grade 6,Grade 7,Grade 8,Grade 9,Grade 10,Grade 11,Grade 12",8
/lists/7mkhxizc/myperspectives-grade-7,Grade 7,1
/lists/7nyspiyy/fallen-angels,"Grade 9,Grade 10,Grade 11,Grade 12",4
/lists/7o2tflqb/remains-of-the-day,"Grade 6,Grade 7,Grade 8,Grade 9,Grade 10,Grade 11,Grade 12",7
/lists/7o7p5vkt/place-to-belong,"Grade 6,Grade 7,Grade 8,Grade 9,Grade 10,Grade 11,Grade 12",7
/lists/7p3xx6xs/house-of-the-scorpion,"Grade 9,Grade 10,Grade 11,Grade 12",4
/lists/7pbjhwvv/ear-the-eye-and-the-arm,"Grade 6,Grade 7,Grade 8,Grade 9,Grade 10,Grade 11,Grade 12",7
/lists/7ptemks5/portrait-of-the-artist-as-a-young-man,"Grade 6,Grade 7,Grade 8,Grade 9,Grade 10,Grade 11,Grade 12",7
/lists/7q3fdlxa/language-of-the-test,"Grade 11,Grade 12",2
/lists/7qq34f5t/dragon-hoops,"Grade 6,Grade 7,Grade 8,Grade 9,Grade 10,Grade 11,Grade 12",7
/lists/7qzk67tr/science-of-breakable-things,Grade 7,1
/lists/7sj5qtfh/fourth-grade-rats,Grade 5,1
/lists/7so6ovxl/ill-give-you-the-sun,"Grade 8,Grade 10",2
/lists/7sw2kcie/booked,Grade 7,1
/lists/7ueb7jgi/genuine-fraud,"Grade 6,Grade 7,Grade 8,Grade 9,Grade 10,Grade 11,Grade 12",7
/lists/7v4wcfpb/florida-collections-grade-6,Grade 12,1
/lists/7w5hlk3w/room-with-a-view,Grade 11,1
/lists/7wf3zxgn/weight-of-our-sky,"Grade 6,Grade 7,Grade 8,Grade 9,Grade 10,Grade 11,Grade 12",7
/lists/7xdho7ed/when-my-name-was-keoko,"Grade 5,Grade 6,Grade 7,Grade 8,Grade 9,Grade 10,Grade 11,Grade 12",8
/lists/7xkd3hqp/code-name-verity,"Grade 6,Grade 7,Grade 8,Grade 9,Grade 10,Grade 11,Grade 12",7
/lists/7ytguelt/little-women,"Grade 8,Grade 9",2
/lists/7ytqvhwe/arcadia,"Grade 9,Grade 10,Grade 11,Grade 12",4
/lists/a37do4zi/pre-ap-dance,"Grade 9,Grade 10",2
/lists/aao5li5l/lincolns-last-days,"Grade 6,Grade 7,Grade 8,Grade 9,Grade 10,Grade 11,Grade 12",7
/lists/aatcm3bc/words-every-8th-grader-should-know-how-to-spell,Grade 8,1
/lists/aayxwoyr/12-years-a-slave,"Grade 6,Grade 7,Grade 8,Grade 9,Grade 10,Grade 11,Grade 12",7
/lists/abep4k5q/fast-food-nation,"Grade 6,Grade 7,Grade 8,Grade 9,Grade 10,Grade 11,Grade 12",7
/lists/acfgpvmv/wrinkle-in-time,"Grade 5,Grade 6,Grade 7,Grade 8",4
/lists/adtf2rj2/125-words-every-6th-grader-should-know,Grade 6,1
/lists/adwcvu4u/you-call-this-democracy,"Grade 6,Grade 7,Grade 8,Grade 9,Grade 10,Grade 11,Grade 12",7
/lists/ae7srck7/smile,"Grade 5,Grade 6,Grade 7,Grade 8,Grade 9,Grade 10,Grade 11,Grade 12",8
/lists/affczwxn/middle-school-geometry,"Grade 6,Grade 7,Grade 8",3
/lists/ah3kpzte/world-is-flat,"Grade 6,Grade 7,Grade 8,Grade 9,Grade 10,Grade 11,Grade 12",7
/lists/ahabhy4y/my-brother-sam-is-dead,"Grade 6,Grade 7,Grade 8",3
/lists/ahceu5c6/city-of-ember,"Grade 5,Grade 6,Grade 7,Grade 8",4
/lists/aijykxcc/out-of-darkness,"Grade 9,Grade 10,Grade 11,Grade 12",4
/lists/aiucjeu4/awkward,"Grade 5,Grade 6,Grade 7,Grade 8,Grade 9,Grade 10,Grade 11,Grade 12",8
/lists/aix5osus/keeping-up-appearances,"Grade 9,Grade 10",2
/lists/ajvpnmxv/i-survived-the-great-molasses-flood-1919,Grade 5,1
/lists/akf37i3z/class-act,"Grade 5,Grade 7,Grade 8,Grade 9,Grade 10,Grade 11,Grade 12",7
/lists/alaj6wpj/prisoner-b-3087,"Grade 6,Grade 7,Grade 8,Grade 9,Grade 10,Grade 11,Grade 12",7
/lists/anne4nu3/rime-of-the-ancient-mariner,Grade 12,1
/lists/anohvav5/red-badge-of-courage,"Grade 6,Grade 7,Grade 8,Grade 10",4
/lists/aq4dnhoy/college-prep,Grade 12,1
/lists/aqizavry/inside-out-back-again,"Grade 5,Grade 6,Grade 7,Grade 8,Grade 9,Grade 10,Grade 11,Grade 12",8
/lists/aqqyoe26/love-medicine,"Grade 9,Grade 10,Grade 11,Grade 12",4
/lists/areycem6/college-prep,Grade 12,1
/lists/arfz4nxo/uncle-toms-cabin,Grade 10,1
/lists/arxbqwms/on-the-origin-of-species,"Grade 9,Grade 10,Grade 11,Grade 12",4
/lists/atce4moz/serpent-king,"Grade 8,Grade 9",2
/lists/aw6wassc/free-lunch,"Grade 6,Grade 7,Grade 8,Grade 9,Grade 10,Grade 11,Grade 12",7
/lists/awqqqtq2/great-gilly-hopkins,"Grade 6,Grade 7,Grade 8",3
/lists/awufm5nx/myperspectives-grade-9,Grade 9,1
/lists/axs4mjlu/summer-of-the-mariposas,"Grade 6,Grade 7,Grade 8,Grade 9,Grade 10,Grade 11,Grade 12",7
/lists/azf5queg/clementine,Grade 5,1
/lists/azh6zesb/hello-universe,Grade 5,1
/lists/b23iccua/when-stars-are-scattered,"Grade 5,Grade 6,Grade 7,Grade 8,Grade 9,Grade 10,Grade 11,Grade 12",8
/lists/b4g4wwpw/last-mapmaker,"Grade 6,Grade 7,Grade 8",3
/lists/b65rhjfp/beast-mode-an-ark-of-animal-words,"Grade 9,Grade 10",2
/lists/b7zyg52j/sensory-overload,"Grade 11,Grade 12",2
/lists/bc7t5o2d/separate-peace,"Grade 9,Grade 10,Grade 11,Grade 12",4
/lists/bcp7kov3/and-both-were-young,"Grade 6,Grade 7,Grade 8,Grade 9,Grade 10,Grade 11,Grade 12",7
/lists/bd6ovnyh/its-a-word-its-a-plane-its-superhero-vocabulary,"Grade 6,Grade 7,Grade 8",3
/lists/beex4cgs/first-they-killed-my-father,"Grade 6,Grade 7,Grade 8,Grade 9,Grade 10,Grade 11,Grade 12",7
/lists/begmch4a/when-you-reach-me,Grade 6,1
/lists/belx3tev/mcdougal-littell-grade-8,Grade 8,1
/lists/bfevllsm/someday-we-will-fly,"Grade 9,Grade 10,Grade 11,Grade 12",4
/lists/bfqocarg/march-forward-girl,"Grade 6,Grade 7,Grade 8,Grade 9,Grade 10,Grade 11,Grade 12",7
/lists/blo4iuzs/trifles,"Grade 9,Grade 10,Grade 11,Grade 12",4
/lists/bn5z7yal/high-spirits,"Grade 6,Grade 7,Grade 8,Grade 9,Grade 10,Grade 11,Grade 12",7
/lists/bpwctrts/be-prepared,"Grade 5,Grade 7,Grade 8,Grade 9,Grade 10,Grade 11,Grade 12",7
/lists/bq22oejc/nazi-saboteurs,"Grade 6,Grade 7,Grade 8,Grade 9,Grade 10,Grade 11,Grade 12",7
/lists/bs77ahiq/krik-krak,"Grade 6,Grade 7,Grade 8,Grade 9,Grade 10,Grade 11,Grade 12",7
/lists/bsvf7n5s/anthem,Grade 9,1
/lists/bv4au5dx/banned-book-club,"Grade 7,Grade 8,Grade 9,Grade 10,Grade 11,Grade 12",6
/lists/bw6j2we3/to-kill-a-mockingbird,"Grade 8,Grade 9,Grade 10,Grade 11,Grade 12",5
/lists/bwpkuc6t/eyes-wide-open,"Grade 9,Grade 10,Grade 11,Grade 12",4
/lists/bxcyho65/everything-everything,Grade 9,1
/lists/bytgfbeo/night-circus,Grade 9,1
/lists/bzb3iec5/old-yeller,"Grade 6,Grade 7,Grade 8",3
/lists/c2juijlq/act-the-language-of-the-test,"Grade 11,Grade 12",2
/lists/c3evrtc5/moon-within,Grade 5,1
/lists/c3jrynnz/laramie-project,"Grade 9,Grade 10,Grade 11,Grade 12",4
/lists/c43uvreu/act-reading-test-words-to-capture-tone,"Grade 11,Grade 12",2
/lists/c464fowx/notes-of-a-native-son,"Grade 9,Grade 10,Grade 11,Grade 12",4
/lists/c6vahplc/prairie-lotus,"Grade 5,Grade 6,Grade 7,Grade 8",4
/lists/c6zceuyk/brooklyn-nine,"Grade 5,Grade 6,Grade 7,Grade 8",4
/lists/c7q7owg7/college-prep,Grade 12,1
/lists/c7rosgxt/jungle-book,"Grade 6,Grade 7,Grade 8,Grade 9,Grade 10,Grade 11,Grade 12",7
/lists/ca6fmzv4/because-of-mr-terupt,Grade 5,1
/lists/caag2ghb/queen-of-the-sea,"Grade 7,Grade 8,Grade 9,Grade 10,Grade 11,Grade 12",6
/lists/cb3xs6sg/code-talker,"Grade 6,Grade 7,Grade 8,Grade 9,Grade 10,Grade 11,Grade 12",7
/lists/cbet4xta/dragon-pearl,Grade 5,1
/lists/ccbaxa3l/ruins-of-gorlan,"Grade 6,Grade 7,Grade 8",3
/lists/ccrhqv27/call-me-maria,Grade 5,1
/lists/cei2sts5/roller-girl,Grade 5,1
/lists/cf4vsagz/myperspectives-grade-12,Grade 12,1
/lists/cg6mfddz/anne-of-green-gables,"Grade 6,Grade 7,Grade 8,Grade 9,Grade 10,Grade 11,Grade 12",7
/lists/chn2mgkt/stamped,"Grade 6,Grade 7,Grade 8,Grade 9,Grade 10,Grade 11,Grade 12",7
/lists/cjvmol2l/call-it-courage,"Grade 5,Grade 6,Grade 7,Grade 8",4
/lists/ck4iswgt/snapdragon,"Grade 5,Grade 7,Grade 8,Grade 9,Grade 10,Grade 11,Grade 12",7
/lists/ckcziwbn/hoot,Grade 6,1
/lists/cki3mbob/hitler-youth,"Grade 6,Grade 7,Grade 8",3
/lists/clhnod7j/war-i-finally-won,"Grade 5,Grade 6,Grade 7,Grade 8,Grade 9,Grade 10,Grade 11,Grade 12",8
/lists/cnlr4dfl/good-earth,"Grade 6,Grade 7,Grade 8,Grade 9,Grade 10,Grade 11,Grade 12",7
/lists/co2c2zew/internment,Grade 8,1
/lists/cooycyam/florida-collections-grade-10,Grade 12,1
/lists/cowkeqb6/brief-history-of-time,"Grade 9,Grade 10,Grade 11,Grade 12",4
/lists/cpbyw25y/my-antonia,"Grade 7,Grade 9,Grade 10",3
/lists/cpeyczk3/counting-by-7s,"Grade 5,Grade 6,Grade 7,Grade 8",4
/lists/ctdztasi/miss-peregrines-home-for-peculiar-children,"Grade 9,Grade 10,Grade 11,Grade 12",4
/lists/ctmx4n72/holes,"Grade 5,Grade 6",2
/lists/cu36zsoa/book-of-unknown-americans,Grade 8,1
/lists/cuvmf6l6/mrs-dalloway,Grade 12,1
/lists/cv5jdjaf/1-2-3-scream,"Grade 6,Grade 7,Grade 8,Grade 9,Grade 10,Grade 11,Grade 12",7
/lists/cviig5us/narrative-writing,"Grade 5,Grade 6,Grade 7,Grade 8,Grade 9,Grade 10,Grade 11,Grade 12",8
/lists/cwxeiyfw/prince,Grade 10,1
/lists/cxruc2wz/sophias-war,"Grade 5,Grade 6,Grade 7,Grade 8",4
/lists/czzx2pem/150-words-every-7th-grader-should-know-how-to-spell,Grade 7,1
/lists/d23lnf6e/lost-year,"Grade 6,Grade 7,Grade 8,Grade 9,Grade 10,Grade 11,Grade 12",7
/lists/d2q2zaqr/witchlings,"Grade 6,Grade 7,Grade 8",3
/lists/d2qhjklz/stand-tall,"Grade 6,Grade 7,Grade 8",3
/lists/d425f236/divergent-trilogy,"Grade 9,Grade 10,Grade 11,Grade 12",4
/lists/d6rmkdu2/bob,Grade 5,1
/lists/d6yyikyt/giver-quartet,"Grade 9,Grade 10,Grade 11,Grade 12",4
/lists/dcjody6l/kings-fifth,"Grade 6,Grade 7,Grade 8",3
/lists/dcz6bn3m/connecticut-yankee-in-king-arthurs-court,"Grade 6,Grade 7,Grade 8,Grade 9,Grade 10,Grade 11,Grade 12",7
/lists/deat6vtg/auggie-me,"Grade 6,Grade 7,Grade 8,Grade 9,Grade 10,Grade 11,Grade 12",7
/lists/dgl7n43l/small-spaces,Grade 6,1
/lists/dh32hqzm/red-umbrella,"Grade 5,Grade 6,Grade 7,Grade 8",4
/lists/dhgrqibh/grades-910,"Grade 9,Grade 10",2
/lists/dhudlzfm/women-in-space,"Grade 9,Grade 10,Grade 11,Grade 12",4
/lists/dhyygo6g/animal-farm,"Grade 8,Grade 9,Grade 10,Grade 11",4
/lists/djtphzbl/our-town,"Grade 9,Grade 10,Grade 11,Grade 12",4
/lists/dkt2if3f/endangered,"Grade 6,Grade 7,Grade 8,Grade 9,Grade 10,Grade 11,Grade 12",7
/lists/dkuinflc/stargirl,"Grade 7,Grade 9,Grade 10,Grade 11,Grade 12",5
/lists/dldjvvte/argumentative-writing,"Grade 5,Grade 6,Grade 7,Grade 8,Grade 9,Grade 10,Grade 11,Grade 12",8
/lists/dm4rsc3o/we-the-people,"Grade 6,Grade 7,Grade 8,Grade 9,Grade 10,Grade 11,Grade 12",7
/lists/dmg45tb7/journeys-grade-6,Grade 5,1
/lists/dnoiejd5/hound-of-the-baskervilles,Grade 9,1
/lists/dohnrqjv/door-in-the-wall,"Grade 6,Grade 7,Grade 8",3
/lists/dou7nflc/let-me-hear-a-rhyme,Grade 8,1
/lists/dpifh36a/island-of-the-blue-dolphins,"Grade 6,Grade 7,Grade 8",3
/lists/dplbmtti/homeless-bird,"Grade 6,Grade 7,Grade 8,Grade 9,Grade 10,Grade 11,Grade 12",7
/lists/dq6ut6hu/long-walk-to-water,"Grade 5,Grade 6,Grade 7,Grade 8",4
/lists/drrsvw3x/on-the-contrary,"Grade 11,Grade 12",2
/lists/dtafbzbr/treasure-island,"Grade 5,Grade 6,Grade 7,Grade 8,Grade 9,Grade 10,Grade 11,Grade 12",8
/lists/dvgvp4me/go-tell-it-on-the-mountain,Grade 8,1
/lists/dwe6g6au/big-science,"Grade 6,Grade 7,Grade 8,Grade 9,Grade 10,Grade 11,Grade 12",7
/lists/dxbjnqqv/they-called-us-enemy,"Grade 6,Grade 7,Grade 8,Grade 9,Grade 10,Grade 11,Grade 12",7
/lists/dxwmrd5e/bridge-of-san-luis-rey,"Grade 6,Grade 7,Grade 8,Grade 9,Grade 10,Grade 11,Grade 12",7
/lists/dyggi2y7/joy-luck-club,"Grade 9,Grade 10,Grade 11,Grade 12",4
/lists/e2jxce3x/darius-the-great-is-not-okay,"Grade 6,Grade 7,Grade 8,Grade 9,Grade 10,Grade 11,Grade 12",7
/lists/e4njep3m/collectors,"Grade 6,Grade 7,Grade 8,Grade 9,Grade 10,Grade 11,Grade 12",7
/lists/e55imekh/short-history-of-nearly-everything,Grade 12,1
/lists/e7i2wuj4/american-history-government-and-civics-essentials,"Grade 6,Grade 7,Grade 8,Grade 9,Grade 10,Grade 11,Grade 12",7
/lists/ea32nzhd/catherine-called-birdy,"Grade 6,Grade 7,Grade 8,Grade 9,Grade 10,Grade 11,Grade 12",7
/lists/eb32x2o2/turning-15-on-the-road-to-freedom,"Grade 6,Grade 7,Grade 8,Grade 9,Grade 10,Grade 11,Grade 12",7
/lists/ecpftg4e/london-eye-mystery,"Grade 6,Grade 7,Grade 8,Grade 9,Grade 10,Grade 11,Grade 12",7
/lists/edbli7s6/grade-11,Grade 11,1
/lists/ef7hdews/city-of-saints-and-thieves,"Grade 6,Grade 7,Grade 8,Grade 9,Grade 10,Grade 11,Grade 12",7
/lists/efnkkapn/gone-with-the-wind,Grade 12,1
/lists/efwkomx5/grades-1012,Grade 12,1
/lists/eg57pl3m/ghost,Grade 6,1
/lists/egnmaqty/lord-of-the-rings-collection,"Grade 8,Grade 9,Grade 10,Grade 11,Grade 12",5
/lists/ehnn3xo3/all-the-days-past-all-the-days-to-come,"Grade 9,Grade 10,Grade 11,Grade 12",4
/lists/ekjmtueu/multiple-meaning-words,"Grade 11,Grade 12",2
/lists/ell4biwi/paola-santiago-and-the-river-of-tears,Grade 5,1
/lists/elvxhduk/woman-warrior,"Grade 10,Grade 11",2
/lists/emdsvep6/alls-faire-in-middle-school,"Grade 5,Grade 7,Grade 8,Grade 9,Grade 10,Grade 11,Grade 12",7
/lists/en5qg3bb/grades-78,"Grade 7,Grade 8",2
/lists/enrs4ub5/lion-of-mars,Grade 5,1
/lists/envcq73x/matilda,"Grade 5,Grade 6,Grade 7,Grade 8",4
/lists/eq5jfm24/drama,"Grade 7,Grade 8,Grade 9,Grade 10,Grade 11,Grade 12",6
/lists/er3ufmxe/night-divided,"Grade 5,Grade 6,Grade 7,Grade 8",4
/lists/er43liok/maus-ii-and-here-my-troubles-began,"Grade 6,Grade 7,Grade 8,Grade 9,Grade 10,Grade 11,Grade 12",7
/lists/esi4rmt7/seventh-wish,Grade 5,1
/lists/esrg7ttd/brown-girl-dreaming,"Grade 5,Grade 6,Grade 7,Grade 8,Grade 9,Grade 10,Grade 11,Grade 12",8
/lists/esz3zrdy/marrow-thieves,"Grade 6,Grade 7,Grade 8,Grade 9,Grade 10,Grade 11,Grade 12",7
/lists/etqxk2av/house-of-mirth,Grade 12,1
/lists/ewxdgzaz/glass-castle,"Grade 7,Grade 8,Grade 9,Grade 10,Grade 11,Grade 12",6
/lists/eyb6jmtg/act-math-test,"Grade 11,Grade 12",2
/lists/eyx4omdi/long-way-gone,"Grade 6,Grade 7,Grade 8,Grade 9,Grade 10,Grade 11,Grade 12",7
/lists/f3nivlh3/great-fire,"Grade 6,Grade 7,Grade 8,Grade 9,Grade 10,Grade 11,Grade 12",7
/lists/f4aijrmv/tragedy-of-macbeth,Grade 10,1
/lists/f4bxyqfg/words-every-9th-grader-should-know-how-to-spell,Grade 9,1
/lists/f565cqt7/surviving-the-applewhites,"Grade 6,Grade 7,Grade 8",3
/lists/f6s37gi2/playing-atari-with-saddam-hussein,"Grade 5,Grade 6,Grade 7,Grade 8,Grade 9,Grade 10,Grade 11,Grade 12",8
/lists/fbzgg6pg/guts,"Grade 5,Grade 6,Grade 7,Grade 8,Grade 9,Grade 10,Grade 11,Grade 12",8
/lists/fcddkbfq/book-of-three,Grade 5,1
/lists/fendn5ub/letters-to-a-young-poet,Grade 9,1
/lists/ffidvbv5/unfinished-angel,"Grade 6,Grade 7,Grade 8,Grade 9,Grade 10,Grade 11,Grade 12",7
/lists/fgyutrhj/born-a-crime,"Grade 7,Grade 8,Grade 9,Grade 10,Grade 11,Grade 12",6
/lists/fhvypfss/bronze-bow,"Grade 9,Grade 10,Grade 11,Grade 12",4
/lists/fjrrenbc/charlottes-web,"Grade 6,Grade 7,Grade 8",3
/lists/fjrsr6dn/its-trevor-noah-born-a-crime,"Grade 5,Grade 6,Grade 7,Grade 8",4
/lists/fnxcteag/earthsea-cycle,"Grade 9,Grade 10,Grade 11,Grade 12",4
/lists/fpflxbkm/girl-who-drew-butterflies,"Grade 5,Grade 7,Grade 9,Grade 10,Grade 11,Grade 12",6
/lists/fssljomy/brave-new-world,"Grade 9,Grade 12",2
/lists/fubbzexw/librarian-of-auschwitz,"Grade 6,Grade 7,Grade 8,Grade 9,Grade 10,Grade 11,Grade 12",7
/lists/fxqbdw35/beekeeper-of-aleppo,"Grade 6,Grade 7,Grade 8,Grade 9,Grade 10,Grade 11,Grade 12",7
/lists/fyvy2r5m/chocolate-touch,Grade 5,1
/lists/fz2uxcyu/hope-was-here,Grade 8,1
/lists/g3n54qto/5th-grade-physical-geography,Grade 5,1
/lists/g4ttg3hw/dreaming-in-cuban,"Grade 11,Grade 12",2
/lists/gan64d4y/red-pencil,"Grade 5,Grade 6,Grade 7,Grade 8,Grade 9,Grade 10,Grade 11,Grade 12",8
/lists/gfxq4ha3/julius-caesar,"Grade 10,Grade 11,Grade 12",3
/lists/ggacuhex/this-side-of-wild,"Grade 5,Grade 6,Grade 7,Grade 8",4
/lists/ghoh3wl4/hamilton,"Grade 9,Grade 10,Grade 11,Grade 12",4
/lists/ghsk3aqv/ghost-of-tokaido-inn,"Grade 6,Grade 7,Grade 8",3
/lists/gidikvev/land,"Grade 6,Grade 7,Grade 8",3
/lists/gimaupi5/total-eclipse-of-expressions,"Grade 9,Grade 10",2
/lists/gkfacrpq/awakening,Grade 11,1
/lists/gkxi4epf/shabanu,"Grade 6,Grade 7,Grade 8,Grade 9,Grade 10,Grade 11,Grade 12",7
/lists/gltjsh22/gathering-of-days,"Grade 6,Grade 7,Grade 8",3
/lists/gmpsmvxk/my-name-is-not-easy,"Grade 9,Grade 10,Grade 11,Grade 12",4
/lists/gnsyo6qp/downstairs-girl,"Grade 9,Grade 10,Grade 11,Grade 12",4
/lists/gp2h3mum/tragedy-of-hamlet-prince-of-denmark,"Grade 11,Grade 12",2
/lists/grug5o2n/pashmina,"Grade 5,Grade 6,Grade 7,Grade 8,Grade 9,Grade 10,Grade 11,Grade 12",8
/lists/gsyoh5tt/pride-and-prejudice,"Grade 10,Grade 11,Grade 12",3
/lists/gu3ux2mi/measuring-up,"Grade 5,Grade 7,Grade 8,Grade 9,Grade 10,Grade 11,Grade 12",7
/lists/gu4u67jg/el-deafo,"Grade 5,Grade 6,Grade 7,Grade 8,Grade 9,Grade 10,Grade 11,Grade 12",8
/lists/guireehp/hunger-games-trilogy,"Grade 9,Grade 10,Grade 11,Grade 12",4
/lists/gvazalnx/beloved,"Grade 9,Grade 10,Grade 11,Grade 12",4
/lists/gw5mfvr5/120-words-every-10th-grader-should-know,Grade 10,1
/lists/gwjefzce/150-words-every-6th-grader-should-know-how-to-spell,Grade 6,1
/lists/gwlgvkzf/facing-the-lion,"Grade 7,Grade 8,Grade 9,Grade 10,Grade 11,Grade 12",6
/lists/gxhrfrcf/little-princess,Grade 6,1
/lists/gxipmj27/new-kid,"Grade 5,Grade 7,Grade 8,Grade 9,Grade 10,Grade 11,Grade 12",7
/lists/gyrqcwku/fish-in-a-tree,Grade 5,1
/lists/gzyq3egu/so-far-from-the-bamboo-grove,"Grade 6,Grade 7,Grade 8",3
/lists/h2k2fkij/white-rose,"Grade 6,Grade 7,Grade 8,Grade 9,Grade 10,Grade 11,Grade 12",7
/lists/h2untv2r/tipping-point,"Grade 6,Grade 7,Grade 8,Grade 9,Grade 10,Grade 11,Grade 12",7
/lists/h3ggo73i/mardi-gras,Grade 5,1
/lists/h4oar4e4/voice-that-challenged-a-nation,"Grade 6,Grade 7,Grade 8,Grade 9,Grade 10,Grade 11,Grade 12",7
/lists/hajix74y/spooked,"Grade 5,Grade 6,Grade 7,Grade 8",4
/lists/havykmcw/sojourner-truth-aint-i-a-woman,"Grade 9,Grade 10,Grade 11,Grade 12",4
/lists/hbbcxjhr/vindication-of-the-rights-of-woman,"Grade 9,Grade 10,Grade 11,Grade 12",4
/lists/hco24qxv/words-every-12th-grader-should-know-how-to-spell,Grade 12,1
/lists/hdfcdoqs/letters-from-rifka,"Grade 5,Grade 6,Grade 7,Grade 8",4
/lists/her4gl7r/tale-of-two-cities,"Grade 11,Grade 12",2
/lists/hff5zwic/hiroshima,"Grade 5,Grade 6,Grade 7,Grade 8,Grade 9,Grade 10,Grade 11,Grade 12",8
/lists/hgng7spy/number-the-stars,"Grade 5,Grade 6,Grade 7,Grade 8,Grade 9,Grade 10,Grade 11,Grade 12",8
/lists/hhdqemha/charles-and-emma,"Grade 9,Grade 10,Grade 11,Grade 12",4
/lists/hhybquao/first-time-for-everything,"Grade 7,Grade 8,Grade 9,Grade 10,Grade 11,Grade 12",6
/lists/hklvhhcv/great-expectations,"Grade 9,Grade 12",2
/lists/hlazozaw/steelheart,"Grade 6,Grade 7,Grade 8",3
/lists/hm6dhsxm/lord-of-the-flies,"Grade 8,Grade 9,Grade 10,Grade 11,Grade 12",5
/lists/hnahnhvy/120-words-every-9th-grader-should-know,Grade 9,1
/lists/homoxetf/mighty-long-way,"Grade 6,Grade 7,Grade 8,Grade 9,Grade 10,Grade 11,Grade 12",7
/lists/hp4guase/abundance-of-katherines,"Grade 9,Grade 10,Grade 11,Grade 12",4
/lists/hry6vvgc/between-shades-of-gray,"Grade 6,Grade 7,Grade 8,Grade 9,Grade 10,Grade 11,Grade 12",7
/lists/huwslzl6/sheep,Grade 5,1
/lists/hvfebxc2/emily-of-new-moon,"Grade 6,Grade 7,Grade 8",3
/lists/hvlzk4bs/sugar-changed-the-world,"Grade 6,Grade 7,Grade 8,Grade 9,Grade 10,Grade 11,Grade 12",7
/lists/hy53uyj4/flush,Grade 6,1
/lists/hypt6ew6/copper-sun,"Grade 6,Grade 7,Grade 8",3
/lists/i2b6ogbn/we-are-not-free,"Grade 6,Grade 7,Grade 8,Grade 9,Grade 10,Grade 11,Grade 12",7
/lists/i2cdiko3/escape-from-mr-lemoncellos-library,"Grade 5,Grade 6",2
/lists/i2iufgjq/charlie-thorne-and-the-last-equation,"Grade 6,Grade 7,Grade 8,Grade 9,Grade 10,Grade 11,Grade 12",7
/lists/i2jizo6x/i-will-always-write-back,"Grade 7,Grade 10",2
/lists/i5abxgba/adventures-of-huckleberry-finn,"Grade 8,Grade 9,Grade 11",3
/lists/i5qqcuke/florida-collections-grade-9,Grade 12,1
/lists/i6dxha34/muggie-maggie,Grade 5,1
/lists/i6gbpctf/most-beautiful-roof-in-the-world,Grade 5,1
/lists/i6mzsex5/homegoing,"Grade 9,Grade 10,Grade 11,Grade 12",4
/lists/i6ykekvg/omar-rising,"Grade 6,Grade 7,Grade 8,Grade 9,Grade 10,Grade 11,Grade 12",7
/lists/ia4l6kkr/legend,Grade 7,1
/lists/ibgf4nkz/tuck-everlasting,"Grade 5,Grade 6,Grade 7,Grade 8,Grade 9,Grade 10,Grade 11,Grade 12",8
/lists/icdxncnr/skin-im-in,Grade 7,1
/lists/iedsltby/doctor-faustus,"Grade 9,Grade 10,Grade 11,Grade 12",4
/lists/ieszhnld/white-bird,"Grade 5,Grade 6,Grade 7,Grade 8,Grade 9,Grade 10,Grade 11,Grade 12",8
/lists/iezwd3oz/enders-game,Grade 8,1
/lists/igr7i2k5/matched,"Grade 9,Grade 10,Grade 11,Grade 12",4
/lists/ih7gauvo/x-a-novel,"Grade 9,Grade 10,Grade 11,Grade 12",4
/lists/ihfvxzau/promises-to-keep,"Grade 9,Grade 10,Grade 11,Grade 12",4
/lists/imiygxns/expository-writing,"Grade 5,Grade 6,Grade 7,Grade 8,Grade 9,Grade 10,Grade 11,Grade 12",8
/lists/in52ky3q/amari-and-the-night-brothers,Grade 5,1
/lists/intdwbk3/harry-potter-and-the-sorcerers-stone,"Grade 5,Grade 6",2
/lists/iofdi62y/wide-words-of-sports,"Grade 5,Grade 9,Grade 10",3
/lists/iqerlksm/utopia,Grade 12,1
/lists/ir7kl4lm/tracking-trash,"Grade 9,Grade 10,Grade 11,Grade 12",4
/lists/isf66362/commonly-confused-words-grades-9-and-10,"Grade 9,Grade 10",2
/lists/ishqptbe/souls-of-black-folk,"Grade 6,Grade 7,Grade 8,Grade 9,Grade 10,Grade 11,Grade 12",7
/lists/isuhgv5r/fault-in-our-stars,"Grade 9,Grade 10,Grade 11,Grade 12",4
/lists/isvxm63o/red-scarf-girl,"Grade 6,Grade 7,Grade 8",3
/lists/itujrt4a/double-helix,"Grade 9,Grade 10,Grade 11,Grade 12",4
/lists/iwe6chhj/full-of-beans,"Grade 6,Grade 7,Grade 8",3
/lists/iwtbe6bq/moby-dick,Grade 10,1
/lists/izjau3be/civil-disobedience,"Grade 6,Grade 7,Grade 8,Grade 9,Grade 10,Grade 11,Grade 12",7
/lists/izmfh6e4/presidential-parlance,"Grade 5,Grade 6,Grade 7,Grade 8,Grade 9,Grade 10,Grade 11,Grade 12",8
/lists/j2zsjb3u/his-dark-materials,"Grade 9,Grade 10,Grade 11,Grade 12",4
/lists/j3foepjh/society-and-solitude,Grade 11,1
/lists/j5vdisvd/amazing-animals,Grade 5,1
/lists/jelli5s3/harry-potter-collection,"Grade 5,Grade 9,Grade 10,Grade 11,Grade 12",5
/lists/jfht65fm/under-a-painted-sky,"Grade 9,Grade 10,Grade 11,Grade 12",4
/lists/jg6ao4rg/raisin-in-the-sun,"Grade 9,Grade 10,Grade 11,Grade 12",4
/lists/jhzyt2g6/breadwinner,"Grade 6,Grade 8",2
/lists/jidycf2b/story-of-my-life,"Grade 5,Grade 6",2
/lists/jj7jhbxl/enriques-journey,"Grade 9,Grade 10,Grade 11,Grade 12",4
/lists/jkcc26bo/you-are-here-connecting-flights,"Grade 6,Grade 7,Grade 8,Grade 9,Grade 10,Grade 11,Grade 12",7
/lists/jl3gtm4h/neighborhood-odes,Grade 5,1
/lists/jlvfehy5/gone-crazy-in-alabama,"Grade 5,Grade 6,Grade 7,Grade 8",4
/lists/jmyhkclb/journeys-grade-5,Grade 5,1
/lists/jozstf5q/we-dream-of-space,"Grade 5,Grade 6,Grade 7,Grade 8",4
/lists/jpwceb2d/bud-not-buddy,"Grade 5,Grade 6,Grade 7,Grade 8",4
/lists/jqa7csho/brians-winter,Grade 7,1
/lists/jrmuxec7/silent-spring,"Grade 9,Grade 10,Grade 11,Grade 12",4
/lists/jrr5hgld/black-beauty,"Grade 6,Grade 7,Grade 8",3
/lists/js43vhxq/secret-life-of-bees,Grade 9,1
/lists/jscantzx/boy-in-the-striped-pajamas,"Grade 6,Grade 7,Grade 8,Grade 9,Grade 10,Grade 11,Grade 12",7
/lists/jtgz43ha/arms-and-the-man,"Grade 9,Grade 10,Grade 11,Grade 12",4
/lists/jumqo3wi/sounder,"Grade 6,Grade 7,Grade 8",3
/lists/juua3rgb/in-the-time-of-the-butterflies,"Grade 6,Grade 7,Grade 8,Grade 9,Grade 10,Grade 11,Grade 12",7
/lists/jvqufbw4/tristan-strong-punches-a-hole-in-the-sky,Grade 5,1
/lists/jw56tar6/mcdougal-littel-literature-grade-6,Grade 6,1
/lists/jw665wxg/let-the-circle-be-unbroken,"Grade 6,Grade 7,Grade 8",3
/lists/jx4m6amw/kaffir-boy,"Grade 7,Grade 8,Grade 9,Grade 10,Grade 11,Grade 12",6
/lists/jxbiqg5d/unbroken,"Grade 6,Grade 7,Grade 8,Grade 9,Grade 10,Grade 11,Grade 12",7
/lists/jxosmklb/myperspectives-grade-10,Grade 10,1
/lists/jyeg3hza/typical-american,"Grade 9,Grade 10,Grade 11,Grade 12",4
/lists/k3ay55ia/boys-who-challenged-hitler,"Grade 6,Grade 7,Grade 8,Grade 9,Grade 10,Grade 11,Grade 12",7
/lists/k77ga4ml/self-made-boys,"Grade 9,Grade 10,Grade 11,Grade 12",4
/lists/kalnzwia/color-purple,Grade 11,1
/lists/kbd4gwqp/man-who-mistook-his-wife-for-a-hat,"Grade 9,Grade 10,Grade 11,Grade 12",4
/lists/kbjqqqgv/amendments-to-the-u-s-constitution,"Grade 6,Grade 7,Grade 8,Grade 9,Grade 10,Grade 11,Grade 12",7
/lists/kc6rvcj7/125-words-every-7th-grader-should-know,Grade 7,1
/lists/kd2iuk6s/tangerine,Grade 7,1
/lists/kd52h4ag/crime-and-punishment,"Grade 6,Grade 7,Grade 8,Grade 9,Grade 10,Grade 11,Grade 12",7
/lists/kdgzhu53/drowned-city-hurricane-katrina-new-orleans,"Grade 6,Grade 7,Grade 8,Grade 9,Grade 10,Grade 11,Grade 12",7
/lists/kdqqxbid/katt-loves-dogg,Grade 5,1
/lists/kdstdaka/hate-u-give,"Grade 8,Grade 9,Grade 10,Grade 11,Grade 12",5
/lists/keiqieam/lotus-bloom-and-the-afro-revolution,"Grade 5,Grade 6,Grade 7,Grade 8",4
/lists/kejhm7ob/nickel-boys,"Grade 9,Grade 10,Grade 11,Grade 12",4
/lists/kfs5trt5/my-side-of-the-mountain-series,Grade 6,1
/lists/kgr3g5ft/all-the-bright-places,Grade 8,1
/lists/kiccozmk/crush,"Grade 5,Grade 7,Grade 8,Grade 9,Grade 10,Grade 11,Grade 12",7
/lists/killrpda/act-reading-test-multiple-meaning-words,"Grade 11,Grade 12",2
/lists/kip2q4nr/mexikid,"Grade 7,Grade 8,Grade 9,Grade 10,Grade 11,Grade 12",6
/lists/kiyp4rfs/night,"Grade 6,Grade 7,Grade 8,Grade 9,Grade 10,Grade 11,Grade 12",7
/lists/kizst7jv/sisterhood-of-the-traveling-pants,"Grade 6,Grade 7,Grade 8,Grade 9,Grade 10,Grade 11,Grade 12",7
/lists/kjgdatph/seedfolks,Grade 8,1
/lists/kkjix4tr/i-am-malala,"Grade 5,Grade 6,Grade 7,Grade 8,Grade 9,Grade 10,Grade 11,Grade 12",8
/lists/kklvpaqe/idioms-and-expressions,"Grade 5,Grade 6,Grade 7,Grade 8,Grade 9,Grade 10,Grade 11,Grade 12",8
/lists/knfojn66/miracles-on-maple-hill,Grade 5,1
/lists/knsc4n4d/shiloh,Grade 7,1
/lists/knzyjvrn/between-the-world-and-me,"Grade 9,Grade 10,Grade 11,Grade 12",4
/lists/kpr4viuz/out-of-the-dust,"Grade 5,Grade 6,Grade 7,Grade 8,Grade 10",5
/lists/kqylmccn/kim,Grade 10,1
/lists/krz5miq6/war-brothers,"Grade 6,Grade 7,Grade 8,Grade 9,Grade 10,Grade 11,Grade 12",7
/lists/ku2kawtw/ugly,"Grade 7,Grade 8,Grade 9,Grade 10,Grade 11,Grade 12",6
/lists/kun3bvnv/magic-fish,"Grade 7,Grade 8,Grade 9,Grade 10,Grade 11,Grade 12",6
/lists/kunpp6bz/drama-high,"Grade 9,Grade 10,Grade 11,Grade 12",4
/lists/kw7luszc/5th-grade-world-cuisine,Grade 5,1
/lists/kwx3v37g/indigenous-peoples-history-of-the-united-states,"Grade 6,Grade 7,Grade 8,Grade 9,Grade 10,Grade 11,Grade 12",7
/lists/kypqaxsr/johnny-tremain,"Grade 5,Grade 6,Grade 7,Grade 8,Grade 9,Grade 10,Grade 11,Grade 12",8
/lists/kzg5eavx/lifting-as-we-climb,"Grade 5,Grade 6,Grade 7,Grade 8,Grade 9,Grade 10,Grade 11,Grade 12",8
/lists/l4fd44en/locomotion,Grade 5,1
/lists/l65qixpo/for-colored-girls-who-have-considered-suicide-when-the-rainbow-is-enuf,"Grade 9,Grade 10,Grade 11,Grade 12",4
/lists/ladpqkhz/patron-saints-of-nothing,"Grade 6,Grade 7,Grade 8,Grade 9,Grade 10,Grade 11,Grade 12",7
/lists/lal6fsan/bell-jar,Grade 11,1
/lists/lfa6rth7/speak,"Grade 9,Grade 10,Grade 11,Grade 12",4
/lists/lfdd4ro2/mrs-frisby-and-the-rats-of-nimh,"Grade 6,Grade 7,Grade 8",3
/lists/lfik3ta7/howards-end,"Grade 6,Grade 7,Grade 8,Grade 9,Grade 10,Grade 11,Grade 12",7
/lists/lg2ugvyz/lightning-thief,"Grade 5,Grade 6",2
/lists/lgryrnle/ronit-and-jamil,"Grade 6,Grade 7,Grade 8,Grade 9,Grade 10,Grade 11,Grade 12",7
/lists/liwec547/symphony-for-the-city-of-the-dead,"Grade 6,Grade 7,Grade 8,Grade 9,Grade 10,Grade 11,Grade 12",7
/lists/lj6b42uc/new-from-here,"Grade 6,Grade 7,Grade 8,Grade 9,Grade 10,Grade 11,Grade 12",7
/lists/ljyioimr/hey-kiddo,"Grade 7,Grade 8,Grade 9,Grade 10,Grade 11,Grade 12",6
/lists/lkccuplh/writing-in-the-classroom-middle-school,"Grade 6,Grade 7,Grade 8",3
/lists/lmglpnz6/primates,"Grade 6,Grade 7,Grade 8,Grade 9,Grade 10,Grade 11,Grade 12",7
/lists/ln7kok2u/essential-science-vocabulary,"Grade 9,Grade 10,Grade 11,Grade 12",4
/lists/lolsgjo6/march-book-three,"Grade 6,Grade 7,Grade 8,Grade 9,Grade 10,Grade 11,Grade 12",7
/lists/lotgdzyx/trials-of-apollo,Grade 7,1
/lists/lozz7vwf/laura-dean-keeps-breaking-up-with-me,"Grade 7,Grade 8,Grade 9,Grade 10,Grade 11,Grade 12",6
/lists/lpbmolky/mcdougal-littell-grade-7,Grade 7,1
/lists/lpjwj5rz/autobiography-of-malcolm-x,"Grade 6,Grade 7,Grade 8,Grade 9,Grade 10,Grade 11,Grade 12",7
/lists/lpufrfir/boy-on-the-wooden-box,"Grade 6,Grade 7,Grade 8,Grade 9,Grade 10,Grade 11,Grade 12",7
/lists/lreytcpu/chasing-lincolns-killer,"Grade 6,Grade 7,Grade 8",3
/lists/lrz4lfnb/i-survived-series,Grade 5,1
/lists/ls44c7kf/enchanted-air,"Grade 6,Grade 7,Grade 8",3
/lists/ltynar6r/all-thirteen,"Grade 5,Grade 6,Grade 7,Grade 8",4
/lists/lu35eqg3/nickel-and-dimed,"Grade 6,Grade 7,Grade 8,Grade 9,Grade 10,Grade 11,Grade 12",7
/lists/lu4iprml/giver,"Grade 5,Grade 6,Grade 7,Grade 8",4
/lists/lucwk3g5/hot-zone,"Grade 9,Grade 10,Grade 11,Grade 12",4
/lists/lveq2egc/pele,"Grade 5,Grade 7,Grade 8,Grade 9,Grade 10,Grade 11,Grade 12",7
/lists/lvfnq7gl/words-every-10th-grader-should-know-how-to-spell,Grade 10,1
/lists/lwsjmcvk/strangers,Grade 5,1
/lists/lxbcrqgt/ged-science-test,"Grade 11,Grade 12",2
/lists/lyrjwxwc/in-the-year-of-the-boar-and-jackie-robinson,"Grade 5,Grade 6,Grade 7,Grade 8",4
/lists/lyu43jqc/shakespeare-stealer,"Grade 5,Grade 6,Grade 7,Grade 8,Grade 9,Grade 10,Grade 11,Grade 12",8
/lists/m2ocycxt/ties-that-bind-ties-that-break,"Grade 6,Grade 7,Grade 8,Grade 9,Grade 10,Grade 11,Grade 12",7
/lists/m3ikihjh/march-book-two,"Grade 6,Grade 7,Grade 8,Grade 9,Grade 10,Grade 11,Grade 12",7
/lists/m3s65srs/pax-journey-home,Grade 6,1
/lists/m3v55ze6/christmas-carol,Grade 7,1
/lists/m52r34yc/phantom-tollbooth,"Grade 5,Grade 6,Grade 7,Grade 8",4
/lists/m5xxnugr/across-five-aprils,"Grade 6,Grade 7,Grade 8",3
/lists/m7lmtesh/harry-potter-and-the-cursed-child,"Grade 6,Grade 7,Grade 8,Grade 9,Grade 10,Grade 11,Grade 12",7
/lists/m7vg6oi5/in-cold-blood,Grade 12,1
/lists/mcyyurzq/things-they-carried,Grade 11,1
/lists/mdizkzo3/geology-rocks,"Grade 6,Grade 7,Grade 8",3
/lists/mexjffmh/outsiders,"Grade 7,Grade 8,Grade 9,Grade 10,Grade 11,Grade 12",6
/lists/mg2oxs3p/ikenga,"Grade 6,Grade 7,Grade 8,Grade 9,Grade 10,Grade 11,Grade 12",7
/lists/mg7usvzg/interesting-narrative-of-the-life-of-olaudah-equiano,"Grade 6,Grade 7,Grade 8,Grade 9,Grade 10,Grade 11,Grade 12",7
/lists/mgrppyte/face-for-picasso,"Grade 7,Grade 8,Grade 9,Grade 10,Grade 11,Grade 12",6
/lists/mgv3reo3/almost-american-girl,"Grade 7,Grade 8,Grade 9,Grade 10,Grade 11,Grade 12",6
/lists/mhretmo6/jungle,"Grade 9,Grade 10,Grade 11",3
/lists/mkdkilal/few-red-drops,"Grade 6,Grade 7,Grade 8,Grade 9,Grade 10,Grade 11,Grade 12",7
/lists/mkr57dqh/warriors-dont-cry,"Grade 6,Grade 7,Grade 8,Grade 9,Grade 10,Grade 11,Grade 12",7
/lists/mn5qfcgc/inherit-the-wind,"Grade 9,Grade 10,Grade 11,Grade 12",4
/lists/mnfjrvfr/lost-boy-lost-girl,"Grade 6,Grade 7,Grade 8,Grade 9,Grade 10,Grade 11,Grade 12",7
/lists/mnyutvsj/ceremony,"Grade 9,Grade 10,Grade 11,Grade 12",4
/lists/mocwfvrg/curious-incident-of-the-dog-in-the-night-time,"Grade 9,Grade 10,Grade 11,Grade 12",4
/lists/moedcc4d/chocolate-war,"Grade 9,Grade 10,Grade 11,Grade 12",4
/lists/mp532xvv/i-know-why-the-caged-bird-sings,"Grade 7,Grade 8,Grade 9,Grade 10,Grade 11,Grade 12",6
/lists/mq64ng2p/angelas-ashes,"Grade 9,Grade 12",2
/lists/mqab4rg4/all-we-have-left,"Grade 6,Grade 7,Grade 8",3
/lists/mroahgdd/blithedale-romance,Grade 12,1
/lists/ms3n5luw/eragon,"Grade 7,Grade 9,Grade 10,Grade 11,Grade 12",5
/lists/msghgr5b/streetcar-named-desire,"Grade 9,Grade 10,Grade 11,Grade 12",4
/lists/mtbq2ebt/secret-school,"Grade 5,Grade 6,Grade 7,Grade 8",4
/lists/mtkqsbty/egypt-game,"Grade 6,Grade 7,Grade 8",3
/lists/mudravzb/mysterious-benedict-society,Grade 5,1
/lists/muhxwac2/baseball-in-april,"Grade 5,Grade 6,Grade 7,Grade 8,Grade 9,Grade 10,Grade 11,Grade 12",8
/lists/muydict7/salt-to-the-sea,"Grade 6,Grade 7,Grade 8,Grade 9,Grade 10,Grade 11,Grade 12",7
/lists/mv57m5lg/be-a-perfect-person-in-just-three-days,Grade 5,1
/lists/mv7djjum/how-to-find-what-youre-not-looking-for,"Grade 6,Grade 7,Grade 8",3
/lists/mvjg43a2/unwind,"Grade 9,Grade 10,Grade 11,Grade 12",4
/lists/mvpp2vfg/hidden-figures,"Grade 6,Grade 7,Grade 8,Grade 9,Grade 10,Grade 11,Grade 12",7
/lists/mwmgramo/year-of-impossible-goodbyes,"Grade 6,Grade 7,Grade 8,Grade 9,Grade 10,Grade 11,Grade 12",7
/lists/mwv7w33j/kiss-number-8,"Grade 7,Grade 8,Grade 9,Grade 10,Grade 11,Grade 12",6
/lists/mwx2pb6f/american-born-chinese,Grade 9,1
/lists/mzmjve3u/surviving-hitler,"Grade 6,Grade 7,Grade 8,Grade 9,Grade 10,Grade 11,Grade 12",7
/lists/n23k4tyf/grades-1012,Grade 12,1
/lists/n2abcnfm/outliers,Grade 10,1
/lists/n3j3tqj2/turtle-boy,Grade 5,1
/lists/n3trohjg/war-that-saved-my-life,"Grade 5,Grade 6,Grade 7,Grade 8,Grade 9,Grade 10,Grade 11,Grade 12",8
/lists/n3wg3knp/said-is-dead,"Grade 5,Grade 6,Grade 7,Grade 8,Grade 9,Grade 10,Grade 11,Grade 12",8
/lists/n5tmlu66/robinson-crusoe,Grade 10,1
/lists/n64rt3nk/sarah-plain-and-tall,"Grade 5,Grade 6,Grade 7,Grade 8",4
/lists/ncr5tuk5/o-pioneers,Grade 12,1
/lists/nd2fyqfl/madman-of-piney-woods,"Grade 6,Grade 7,Grade 8",3
/lists/nd73pjrg/flowers-for-algernon,"Grade 9,Grade 10,Grade 11,Grade 12",4
/lists/nf4fr5w6/me-talk-pretty-one-day,"Grade 9,Grade 10,Grade 11,Grade 12",4
/lists/nfgpu7cy/democracy-in-america,"Grade 6,Grade 7,Grade 8,Grade 9,Grade 10,Grade 11,Grade 12",7
/lists/nfsq6utl/midsummer-nights-dream,"Grade 6,Grade 7,Grade 8,Grade 11,Grade 12",5
/lists/nhbkjiaf/we-are-displaced,"Grade 6,Grade 7,Grade 8,Grade 9,Grade 10,Grade 11,Grade 12",7
/lists/ninbdbdz/autobiography-of-benjamin-franklin,"Grade 6,Grade 7,Grade 8,Grade 9,Grade 10,Grade 11,Grade 12",7
/lists/niofmr2m/color-of-my-words,"Grade 6,Grade 7,Grade 8,Grade 9,Grade 10,Grade 11,Grade 12",7
/lists/njfija5o/red-white-and-whole,Grade 5,1
/lists/nls4hprs/i-rode-a-horse-of-milk-white-jade,"Grade 6,Grade 7,Grade 8",3
/lists/nmukhuuh/orbiting-jupiter,Grade 7,1
/lists/nmywerrg/space-case,Grade 6,1
/lists/nngbzwua/immortal-life-of-henrietta-lacks,"Grade 9,Grade 10,Grade 11,Grade 12",4
/lists/noscvove/when-you-trap-a-tiger,Grade 5,1
/lists/np7xidjy/boxcar-children,Grade 5,1
/lists/nppiaxe7/out-of-darkness,"Grade 9,Grade 10,Grade 11,Grade 12",4
/lists/nrmm3o4p/old-man-and-the-sea,"Grade 10,Grade 11",2
/lists/nsrixdmr/gene,"Grade 9,Grade 10,Grade 11,Grade 12",4
/lists/nsvwfyqm/secret-garden,"Grade 5,Grade 6,Grade 7,Grade 8",4
/lists/ntdvw5pb/diary-of-anne-frank,"Grade 6,Grade 7,Grade 8,Grade 9,Grade 10,Grade 11,Grade 12",7
/lists/nter6dl5/pony,"Grade 6,Grade 7,Grade 8",3
/lists/nvrlzruo/tasting-the-sky,"Grade 6,Grade 7,Grade 8,Grade 9,Grade 10,Grade 11,Grade 12",7
/lists/nvvaeoe3/hunger-games,"Grade 7,Grade 8",2
/lists/nwmiffxi/inuit-thought-of-it,Grade 5,1
/lists/ny4obdvn/consider-the-lobster,"Grade 9,Grade 10,Grade 11,Grade 12",4
/lists/o2am3bmq/written-in-bone,"Grade 6,Grade 7,Grade 8,Grade 9,Grade 10,Grade 11,Grade 12",7
/lists/o4aluenj/one-hundred-years-of-solitude,"Grade 6,Grade 7,Grade 8,Grade 9,Grade 10,Grade 11,Grade 12",7
/lists/o7cbv35s/unwanted,"Grade 6,Grade 7,Grade 8,Grade 9,Grade 10,Grade 11,Grade 12",7
/lists/o7pjebol/castle-in-the-attic,Grade 5,1
/lists/oaghuhn5/farewell-to-arms,"Grade 11,Grade 12",2
/lists/oasvp7a4/mosquitoland,Grade 8,1
/lists/oatey3p6/grendel,Grade 12,1
/lists/ob4rdi7u/indian-no-more,Grade 5,1
/lists/ocv5kxjt/commonly-confused-words-grade-8,Grade 8,1
/lists/oda526vp/words-every-11th-grader-should-know-how-to-spell,Grade 11,1
/lists/odb6fivj/bomb,"Grade 5,Grade 6,Grade 7,Grade 8,Grade 9,Grade 10,Grade 11,Grade 12",8
/lists/oeqylrdg/grades-1112,"Grade 11,Grade 12",2
/lists/of6tqyho/lemonade-war,"Grade 5,Grade 6",2
/lists/ohksagr6/they-went-left,"Grade 6,Grade 7,Grade 8,Grade 9,Grade 10,Grade 11,Grade 12",7
/lists/ojekjgvn/cat-on-a-hot-tin-roof,"Grade 9,Grade 10,Grade 11,Grade 12",4
/lists/oq6vk4ei/watership-down,Grade 7,1
/lists/oqyh4ux3/canterville-ghost,"Grade 6,Grade 7,Grade 8,Grade 9,Grade 10,Grade 11,Grade 12",7
/lists/othtsg4f/metamorphoses,"Grade 9,Grade 10,Grade 11",3
/lists/oto7zwdk/harriet-tubman,"Grade 6,Grade 7,Grade 8,Grade 9,Grade 10,Grade 11,Grade 12",7
/lists/otvd33re/high-school-geometry,"Grade 9,Grade 10,Grade 11,Grade 12",4
/lists/ozcsmuhi/betty-before-x,"Grade 6,Grade 7,Grade 8",3
/lists/p3xg2wzr/maniac-magee,Grade 5,1
/lists/p4553zin/wind-in-the-willows,"Grade 6,Grade 7,Grade 8",3
/lists/p4aym64o/taking-flight,"Grade 7,Grade 8,Grade 9,Grade 10,Grade 11,Grade 12",6
/lists/p5lm6skq/shouting-at-the-rain,"Grade 5,Grade 6,Grade 7,Grade 8",4
/lists/p7doocne/where-the-red-fern-grows,"Grade 5,Grade 6,Grade 7,Grade 8",4
/lists/pbs3q2ja/coraline,"Grade 5,Grade 6",2
/lists/pddjo2cs/middle-school-the-worst-years-of-my-life,"Grade 6,Grade 7,Grade 8",3
/lists/pdmd4lr3/into-the-wild,"Grade 9,Grade 10,Grade 11,Grade 12",4
/lists/pdvbla2h/death-mountain,"Grade 6,Grade 7,Grade 8",3
/lists/pfe3hx25/westing-game,"Grade 6,Grade 7,Grade 8",3
/lists/pg2gy7pb/amal-unbound,"Grade 6,Grade 7,Grade 8,Grade 9,Grade 10,Grade 11,Grade 12",7
/lists/pgsgvpzm/city-of-the-plague-god,Grade 5,1
/lists/pgxso7su/astonishing-color-of-after,"Grade 6,Grade 7,Grade 8,Grade 9,Grade 10,Grade 11,Grade 12",7
/lists/pgypoksb/incidents-in-the-life-of-a-slave-girl,"Grade 6,Grade 7,Grade 8,Grade 9,Grade 10,Grade 11,Grade 12",7
/lists/ph5srg6j/hatchet,"Grade 5,Grade 6,Grade 7,Grade 8",4
/lists/pi2vthc4/richard-iii,Grade 12,1
/lists/pjbnvjk5/florida-collections-grade-11,Grade 12,1
/lists/pjxluftd/rebound,Grade 5,1
/lists/pl7xv6fp/terrible-typhoid-mary,"Grade 6,Grade 7,Grade 8,Grade 9,Grade 10,Grade 11,Grade 12",7
/lists/plm5aib3/honus-and-me,"Grade 6,Grade 7,Grade 8",3
/lists/plovcvdb/black-swan-green,"Grade 9,Grade 10,Grade 11,Grade 12",4
/lists/pmw6et6n/fourteenth-goldfish,Grade 5,1
/lists/poyv6tqj/half-a-world-away,"Grade 6,Grade 7,Grade 8,Grade 9,Grade 10,Grade 11,Grade 12",7
/lists/pphqmqrj/frindle,Grade 5,1
/lists/ppzja7nx/flamer,"Grade 7,Grade 8,Grade 9,Grade 10,Grade 11,Grade 12",6
/lists/ps2y73jf/claudette-colvin-twice-toward-justice,"Grade 6,Grade 7,Grade 8,Grade 9,Grade 10,Grade 11,Grade 12",7
/lists/psfizyrz/mara-daughter-of-the-nile,"Grade 9,Grade 10,Grade 11,Grade 12",4
/lists/ptljvg34/looking-for-alaska,"Grade 9,Grade 10,Grade 11,Grade 12",4
/lists/py34iuyj/divergent,Grade 7,1
/lists/pzhdv5mw/essential-vocabulary-for-high-school-students,"Grade 9,Grade 10,Grade 11,Grade 12",4
/lists/q3ukoqoy/julie-of-the-wolves,"Grade 6,Grade 7,Grade 8",3
/lists/q4sy4jdq/witch-of-blackbird-pond,"Grade 6,Grade 7,Grade 8",3
/lists/q4yoj6ga/house-on-mango-street,"Grade 9,Grade 10,Grade 11,Grade 12",4
/lists/q55dxrvy/will-grayson-will-grayson,"Grade 9,Grade 10,Grade 11,Grade 12",4
/lists/q5okvehy/stargazing,"Grade 5,Grade 7,Grade 8,Grade 9,Grade 10,Grade 11,Grade 12",7
/lists/qbptiyrh/cleopatra,"Grade 9,Grade 10,Grade 11,Grade 12",4
/lists/qc37t7lt/candle-and-the-flame,"Grade 6,Grade 7,Grade 8,Grade 9,Grade 10,Grade 11,Grade 12",7
/lists/qdc2n3ub/only-mostly-devastated,Grade 8,1
/lists/qe5g7rdz/how-dare-the-sun-rise,"Grade 6,Grade 7,Grade 8,Grade 9,Grade 10,Grade 11,Grade 12",7
/lists/qehlfaty/good-masters-sweet-ladies-voices-from-a-medieval-village,Grade 6,1
/lists/qfcsddo4/wonder,Grade 5,1
/lists/qfd3mdou/chronicles-of-narnia,Grade 5,1
/lists/qhj5bgwn/wonderful-wizard-of-oz,"Grade 5,Grade 6,Grade 7,Grade 8",4
/lists/qiaosf4g/bad-beginning,Grade 5,1
/lists/qkdrwdm5/fighting-ground,"Grade 6,Grade 7,Grade 8",3
/lists/qli5ruox/watsons-go-to-birmingham,"Grade 5,Grade 6,Grade 7,Grade 8",4
/lists/qlqfwnzc/winterhouse,Grade 5,1
/lists/qm5on7ah/because-of-winn-dixie,Grade 5,1
/lists/qmdbjdrv/on-the-banks-of-plum-creek,Grade 5,1
/lists/qn3jmkap/kidnapped,Grade 9,1
/lists/qnhtgl2k/invisible-man,"Grade 10,Grade 11",2
/lists/qqybld26/dragonwings,"Grade 6,Grade 7,Grade 8",3
/lists/qrilvd6y/under-a-war-torn-sky,"Grade 6,Grade 7,Grade 8,Grade 9,Grade 10,Grade 11,Grade 12",7
/lists/qrmuhprb/twelfth-night,"Grade 6,Grade 7,Grade 8",3
/lists/qrpantja/benefits-of-being-an-octopus,Grade 7,1
/lists/qrw65n2o/death-and-the-kings-horseman,"Grade 6,Grade 7,Grade 8,Grade 9,Grade 10,Grade 11,Grade 12",7
/lists/qujfrj4l/race-to-the-sun,Grade 5,1
/lists/qut3drzs/master-puppeteer,"Grade 9,Grade 10,Grade 11,Grade 12",4
/lists/qvh7gvbh/feast-on-this-cornucopia-of-tasty-terms,Grade 5,1
/lists/qwasha3x/earth-day,Grade 5,1
/lists/qwezwc4d/once-and-future-king,"Grade 8,Grade 12",2
/lists/qxlqf2uc/stormbreaker,"Grade 6,Grade 7,Grade 8",3
/lists/qydbusnu/waste-land,Grade 11,1
/lists/qzbwin7s/on-liberty,"Grade 6,Grade 7,Grade 8,Grade 9,Grade 10,Grade 11,Grade 12",7
/lists/r3qovfdy/125-words-every-8th-grader-should-know,Grade 8,1
/lists/r4jky3ma/single-shard,"Grade 5,Grade 6,Grade 7,Grade 8,Grade 9,Grade 10,Grade 11,Grade 12",8
/lists/r4vmme45/twins,"Grade 5,Grade 7,Grade 8,Grade 9,Grade 10,Grade 11,Grade 12",7
/lists/r4vubsdt/as-you-like-it,Grade 10,1
/lists/r5nlld2p/march-book-one,"Grade 6,Grade 7,Grade 8,Grade 9,Grade 10,Grade 11,Grade 12",7
/lists/r5v5e6qf/indigenous-peoples-day,Grade 5,1
/lists/r6cwi2dr/things-fall-apart,"Grade 9,Grade 10,Grade 12",3
/lists/rbdjr4wy/scarlet-letter,"Grade 10,Grade 11,Grade 12",3
/lists/rdgxgeev/birchbark-house,"Grade 6,Grade 7,Grade 8,Grade 9,Grade 10,Grade 11,Grade 12",7
/lists/rdicel4n/ged-math-test,"Grade 11,Grade 12",2
/lists/ree4kydo/twelve-days-in-may,"Grade 6,Grade 7,Grade 8,Grade 9,Grade 10,Grade 11,Grade 12",7
/lists/repk7sax/before-i-fall,"Grade 9,Grade 10,Grade 11,Grade 12",4
/lists/rfdpum4s/lyddie,"Grade 6,Grade 7,Grade 8",3
/lists/rflbqhvk/garveys-choice,Grade 5,1
/lists/rfzmtijj/i-was-their-american-dream,"Grade 5,Grade 6,Grade 7,Grade 8,Grade 9,Grade 10,Grade 11,Grade 12",8
/lists/rg34stlc/james-and-the-giant-peach,Grade 5,1
/lists/rh5mnv6p/waiting-for-godot,"Grade 9,Grade 10,Grade 11,Grade 12",4
/lists/rjavh7oq/creative-writing-introductory,Grade 5,1
/lists/rnfzrqid/absolutely-true-diary-of-a-part-time-indian,"Grade 8,Grade 9,Grade 10,Grade 11,Grade 12",5
/lists/rnrq34vj/murder-on-the-orient-express,"Grade 6,Grade 7,Grade 8,Grade 9,Grade 10,Grade 11,Grade 12",7
/lists/roplgk7z/redwall,"Grade 5,Grade 7",2
/lists/rq6jufhc/chains,"Grade 6,Grade 7,Grade 8",3
/lists/rqec2iix/words-to-capture-tone,"Grade 11,Grade 12",2
/lists/rqmz4iyj/kite-runner,"Grade 6,Grade 7,Grade 8,Grade 9,Grade 10,Grade 11,Grade 12",7
/lists/rr3jl3wv/death-of-a-salesman,"Grade 9,Grade 10,Grade 11,Grade 12",4
/lists/rs5urbuc/stone-fox,"Grade 6,Grade 7,Grade 8",3
/lists/rwrknmf2/sammy-keyes-and-the-hotel-thief,"Grade 6,Grade 7,Grade 8",3
/lists/rxdl6jcc/gullivers-travels,Grade 12,1
/lists/ryt3abdc/last-night-at-the-telegraph-club,"Grade 9,Grade 10,Grade 11,Grade 12",4
/lists/rz37roaw/twelve-angry-men,"Grade 9,Grade 10,Grade 11,Grade 12",4
/lists/s2lyegao/pre-ap-chemistry,"Grade 9,Grade 10",2
/lists/s2w66gch/man-called-ove,"Grade 6,Grade 7,Grade 8,Grade 9,Grade 10,Grade 11,Grade 12",7
/lists/s3djcxi4/marvellers,"Grade 5,Grade 6,Grade 7,Grade 8",4
/lists/s3hp6p6n/catch-22,"Grade 6,Grade 7,Grade 8,Grade 9,Grade 10,Grade 11,Grade 12",7
/lists/s3jgk2za/last-of-the-breed,"Grade 10,Grade 11",2
/lists/s4dvv37s/myperspectives-grade-6,Grade 6,1
/lists/saaefyoz/persepolis,"Grade 6,Grade 7,Grade 8,Grade 9,Grade 10,Grade 11,Grade 12",7
/lists/sdm4zbht/losers-club,Grade 5,1
/lists/shew5hx2/long-walk-to-freedom,Grade 12,1
/lists/sisqkbab/wild-robot,Grade 5,1
/lists/sjfgtzwo/ged-reasoning-through-language-arts-test,"Grade 11,Grade 12",2
/lists/sk3555hi/eleven,"Grade 5,Grade 6",2
/lists/skhioupq/girl-in-the-blue-coat,"Grade 6,Grade 7,Grade 8,Grade 9,Grade 10,Grade 11,Grade 12",7
/lists/sokvw2ms/prometheus-unbound,"Grade 9,Grade 10,Grade 11,Grade 12",4
/lists/sqat4utc/love-ruby-lavender,Grade 5,1
/lists/sqaxnmsq/call-of-the-wild,"Grade 6,Grade 7,Grade 9,Grade 10,Grade 11,Grade 12",6
/lists/ssbjvmt2/alchemist,Grade 10,1
/lists/ssoewjaf/act-science-test,"Grade 11,Grade 12",2
/lists/stan5rzi/little-rock-girl-1957,"Grade 6,Grade 7,Grade 8,Grade 9,Grade 10,Grade 11,Grade 12",7
/lists/sw5yxoyv/we-are-not-from-here,"Grade 6,Grade 7,Grade 8,Grade 9,Grade 10,Grade 11,Grade 12",7
/lists/sx4ug4ch/how-i-live-now,"Grade 9,Grade 10,Grade 11,Grade 12",4
/lists/syxnd2nx/wednesday-wars,"Grade 6,Grade 7,Grade 8",3
/lists/t43kmbs2/show-me-a-sign,"Grade 5,Grade 6,Grade 7,Grade 8",4
/lists/t4l5cckf/thousand-splendid-suns,"Grade 6,Grade 7,Grade 8,Grade 9,Grade 10,Grade 11,Grade 12",7
/lists/t4lqc7ho/sapiens,"Grade 9,Grade 10,Grade 11,Grade 12",4
/lists/t65yutt4/torpedoed,"Grade 6,Grade 7,Grade 8,Grade 9,Grade 10,Grade 11,Grade 12",7
/lists/t6a5bp5p/killer-angels,"Grade 9,Grade 10,Grade 11,Grade 12",4
/lists/t73gn3c2/othello,"Grade 11,Grade 12",2
/lists/tadnjtby/from-the-mixed-up-files-of-mrs-basil-e-frankweiler,"Grade 5,Grade 6,Grade 7,Grade 8",4
/lists/tagechbu/home-of-the-brave,Grade 5,1
/lists/tbbg3y3c/touching-spirit-bear,Grade 6,1
/lists/tbryuo5l/ged-social-studies-test,"Grade 11,Grade 12",2
/lists/tcfu6q2w/into-thin-air,"Grade 6,Grade 7,Grade 8,Grade 9,Grade 10,Grade 11,Grade 12",7
/lists/tctnettw/remarkable-journey-of-coyote-sunrise,Grade 7,1
/lists/tejh2oix/song-of-myself,Grade 11,1
/lists/titdlevl/rise-and-fall-of-charles-lindbergh,"Grade 6,Grade 7,Grade 8,Grade 9,Grade 10,Grade 11,Grade 12",7
/lists/tjkaza6a/5th-grade-math-terms,Grade 5,1
/lists/tkllalrn/florida-collections-grade-7,Grade 12,1
/lists/tlaes5y7/american-plague,"Grade 6,Grade 7,Grade 8,Grade 9,Grade 10,Grade 11,Grade 12",7
/lists/tlq4u3pg/bean-trees,"Grade 10,Grade 11",2
/lists/tlxxtocf/last-of-the-mohicans,Grade 11,1
/lists/towzythz/view-from-saturday,Grade 6,1
/lists/tqb4rywm/college-prep-202425,Grade 12,1
/lists/tqyqy3vt/because-they-marched,"Grade 6,Grade 7,Grade 8,Grade 9,Grade 10,Grade 11,Grade 12",7
/lists/trg5kgvl/elephant-run,"Grade 6,Grade 7,Grade 8,Grade 9,Grade 10,Grade 11,Grade 12",7
/lists/trivc4pp/nine-stories,"Grade 6,Grade 7,Grade 8,Grade 9,Grade 10,Grade 11,Grade 12",7
/lists/trjmthp7/uglies,"Grade 7,Grade 9,Grade 10,Grade 11,Grade 12",5
/lists/ttvxzzmb/freewater,"Grade 6,Grade 7,Grade 8",3
/lists/tuy4p77o/unteachables,"Grade 6,Grade 7,Grade 8",3
/lists/tvu4lprw/world-without-fish,"Grade 5,Grade 6,Grade 7,Grade 8,Grade 9,Grade 10,Grade 11,Grade 12",8
/lists/twit2dpj/resistance,"Grade 6,Grade 7,Grade 8,Grade 9,Grade 10,Grade 11,Grade 12",7
/lists/tx33kq2f/god-of-small-things,Grade 10,1
/lists/txuwd4w7/positive-and-negative-words-to-describe-a-person,"Grade 5,Grade 6,Grade 7,Grade 8,Grade 9,Grade 10,Grade 11,Grade 12",8
/lists/u4slbub7/pre-ap-theatre,"Grade 9,Grade 10",2
/lists/u5lebglc/mary-poppins,"Grade 6,Grade 7,Grade 8",3
/lists/u5mmd3lc/projekt-1065,"Grade 6,Grade 7,Grade 8,Grade 9,Grade 10,Grade 11,Grade 12",7
/lists/u622suyq/i-juan-de-pareja,"Grade 6,Grade 7,Grade 8,Grade 9,Grade 10,Grade 11,Grade 12",7
/lists/u64f35cl/second-treatise-of-government,"Grade 6,Grade 7,Grade 8,Grade 9,Grade 10,Grade 11,Grade 12",7
/lists/u6onapoh/storm-runner,Grade 5,1
/lists/u6uykqgp/billy-budd,"Grade 11,Grade 12",2
/lists/ud6744rv/freak-the-mighty,"Grade 5,Grade 7",2
/lists/ue4qfulk/time-for-andrew-a-ghost-story,Grade 5,1
/lists/uev3qfdv/hobbit,"Grade 6,Grade 7,Grade 8,Grade 9",4
/lists/uhqejv3v/i-survived-the-american-revolution-1776,Grade 5,1
/lists/uhu3xiph/elijah-of-buxton,"Grade 5,Grade 6,Grade 7,Grade 8,Grade 9,Grade 10,Grade 11,Grade 12",8
/lists/uhuju67c/lottery-rose,"Grade 6,Grade 7,Grade 8",3
/lists/ui4b2qfu/letter-of-the-law,"Grade 6,Grade 7,Grade 8,Grade 9,Grade 10,Grade 11,Grade 12",7
/lists/ulrajwa2/book-thief,"Grade 7,Grade 8,Grade 9,Grade 10,Grade 11,Grade 12",6
/lists/umwz3uwu/narrative-of-the-life-of-frederick-douglass,"Grade 6,Grade 7,Grade 8,Grade 9,Grade 10,Grade 11,Grade 12",7
/lists/uoyoyfzc/howls-moving-castle,"Grade 9,Grade 10,Grade 11,Grade 12",4
/lists/upiryi5g/listen-slowly,"Grade 6,Grade 7,Grade 8,Grade 9,Grade 10,Grade 11,Grade 12",7
/lists/uqsfkpmd/breaking-through,"Grade 6,Grade 7,Grade 8,Grade 9,Grade 10,Grade 11,Grade 12",7
/lists/urdtyeqw/lucky-broken-girl,"Grade 5,Grade 6,Grade 7,Grade 8",4
/lists/uvag4lr3/travels-with-charley,Grade 7,1
/lists/uvm6zpvm/on-the-far-side-of-the-mountain,"Grade 6,Grade 7,Grade 8",3
/lists/uw6b7exo/song-for-a-whale,"Grade 6,Grade 7,Grade 8",3
/lists/uygonupn/wish,Grade 5,1
/lists/uyyfvnsq/interpreter-of-maladies,"Grade 6,Grade 7,Grade 8,Grade 9,Grade 10,Grade 11,Grade 12",7
/lists/uz2y5ipb/amelia-lost,"Grade 5,Grade 6,Grade 7,Grade 8,Grade 9,Grade 10,Grade 11,Grade 12",8
/lists/uz6ual75/escape-from-camp-14,"Grade 9,Grade 10,Grade 11,Grade 12",4
/lists/uzkd5v4o/all-boys-arent-blue,"Grade 7,Grade 8,Grade 9,Grade 10,Grade 11,Grade 12",6
/lists/uzltey6f/land-of-the-cranes,Grade 5,1
/lists/uzrbfevo/beloved-world-of-sonia-sotomayor,"Grade 5,Grade 6,Grade 7,Grade 8,Grade 9,Grade 10,Grade 11,Grade 12",8
/lists/v4jftmxv/red-queen,Grade 9,1
/lists/v52s55dz/slaughterhouse-five,"Grade 6,Grade 7,Grade 8,Grade 9,Grade 10,Grade 11,Grade 12",7
/lists/varcwddn/ambushed,"Grade 6,Grade 7,Grade 8",3
/lists/vboyi3bd/elements-of-the-universe,"Grade 9,Grade 10",2
/lists/vd2fr4yr/princess-bride,"Grade 9,Grade 10,Grade 11,Grade 12",4
/lists/vdbrykk6/bull-run,"Grade 6,Grade 7,Grade 8",3
/lists/ven646p6/sideways-stories-from-wayside-school,"Grade 6,Grade 7,Grade 8,Grade 9,Grade 10,Grade 11,Grade 12",7
/lists/vepxbfnc/ice-magic,Grade 5,1
/lists/vfq5mqum/synonyms,"Grade 9,Grade 10,Grade 11,Grade 12",4
/lists/vfrekp4g/sold,"Grade 6,Grade 7,Grade 8,Grade 9,Grade 10,Grade 11,Grade 12",7
/lists/vg32wxgx/brave,"Grade 5,Grade 6,Grade 7,Grade 8,Grade 9,Grade 10,Grade 11,Grade 12",8
/lists/vgfbymvm/charlie-and-the-chocolate-factory,"Grade 5,Grade 6,Grade 7,Grade 8",4
/lists/vglhseg3/ninth-ward,Grade 6,1
/lists/vgried2c/fire-next-time,"Grade 9,Grade 10,Grade 11,Grade 12",4
/lists/vi3x55ds/before-we-were-free,"Grade 6,Grade 7,Grade 8",3
/lists/vilvbakt/i-can-make-this-promise,Grade 5,1
/lists/vjgqz6l4/jacob-have-i-loved,"Grade 9,Grade 10,Grade 11,Grade 12",4
/lists/vm6eeu7i/boy-who-harnessed-the-wind,"Grade 7,Grade 9,Grade 10,Grade 11,Grade 12",5
/lists/vmhghuzf/wuthering-heights,Grade 12,1
/lists/vqe2d6bw/calculus,"Grade 11,Grade 12",2
/lists/vrhbmxtu/i-am-alfonso-jones,"Grade 7,Grade 8,Grade 9,Grade 10,Grade 11,Grade 12",6
/lists/vrrbrpll/dolls-house,"Grade 9,Grade 10,Grade 11,Grade 12",4
/lists/vs7i3yyl/all-creatures-great-and-small,"Grade 6,Grade 7,Grade 8",3
/lists/vsj463tl/journey-of-little-charlie,"Grade 5,Grade 6,Grade 7,Grade 8",4
/lists/vtcyr3wr/glass-menagerie,"Grade 9,Grade 10,Grade 11,Grade 12",4
/lists/vtr32v5t/flying-lessons-other-stories,"Grade 6,Grade 7,Grade 8,Grade 9,Grade 10,Grade 11,Grade 12",7
/lists/vuieyaoc/ben-and-me,"Grade 5,Grade 6,Grade 7,Grade 8",4
/lists/vwctdvi6/crenshaw,"Grade 5,Grade 6,Grade 7,Grade 8",4
/lists/vy6m6v54/odyssey,"Grade 8,Grade 9,Grade 10",3
/lists/vygdabxx/all-quiet-on-the-western-front,Grade 10,1
/lists/vzjxlx6c/bridge-home,"Grade 6,Grade 7,Grade 8,Grade 9,Grade 10,Grade 11,Grade 12",7
/lists/w5lfkp5a/aru-shah-and-the-end-of-time,Grade 5,1
/lists/w5sgkmcj/their-eyes-were-watching-god,"Grade 6,Grade 7,Grade 8,Grade 9,Grade 10,Grade 11,Grade 12",7
/lists/w5xgoybv/war-to-end-all-wars,"Grade 6,Grade 7,Grade 8,Grade 9,Grade 10,Grade 11,Grade 12",7
/lists/w6tqut65/last-fallen-star,Grade 5,1
/lists/w72cqtsq/grade-6,Grade 6,1
/lists/w76xecji/i-am-the-messenger,"Grade 9,Grade 10,Grade 11,Grade 12",4
/lists/w7tfhxxt/echo,"Grade 7,Grade 8",2
/lists/wboqtqot/inexplicable-logic-of-my-life,Grade 8,1
/lists/wct7wzns/city-of-orphans,"Grade 5,Grade 6,Grade 7,Grade 8",4
/lists/wdkutjo7/restart,"Grade 5,Grade 7",2
/lists/wh3thsf6/namesake,"Grade 11,Grade 12",2
/lists/whbnyr63/omnivores-dilemma,"Grade 6,Grade 7,Grade 8,Grade 9,Grade 10,Grade 11,Grade 12",7
/lists/wieucy2r/duchess-of-malfi,"Grade 9,Grade 10,Grade 11,Grade 12",4
/lists/wj4jflgz/if-i-stay,"Grade 9,Grade 10,Grade 11,Grade 12",4
/lists/wjldihvi/fences,"Grade 9,Grade 10,Grade 11,Grade 12",4
/lists/wjzlfdvd/more-to-the-story,Grade 7,1
/lists/wjzm7opu/midwifes-apprentice,"Grade 5,Grade 6,Grade 7,Grade 8",4
/lists/wkhai7uc/blackbird-girls,"Grade 5,Grade 6,Grade 7,Grade 8",4
/lists/wl25ivkp/adventures-of-tom-sawyer,Grade 8,1
/lists/wllplbkn/wolf-hollow,"Grade 5,Grade 6,Grade 7,Grade 8",4
/lists/wnnuje42/spies,"Grade 6,Grade 7,Grade 8,Grade 9,Grade 10,Grade 11,Grade 12",7
/lists/woal2ouy/milkweed,"Grade 6,Grade 7,Grade 8,Grade 9,Grade 10,Grade 11,Grade 12",7
/lists/woj77gug/troublemaker,"Grade 5,Grade 6,Grade 7,Grade 8",4
/lists/wrl3j254/front-desk,Grade 5,1
/lists/wt3c46uo/astronauts,"Grade 5,Grade 6,Grade 7,Grade 8,Grade 9,Grade 10,Grade 11,Grade 12",8
/lists/wufypo3k/sisters,"Grade 5,Grade 6,Grade 7,Grade 8,Grade 9,Grade 10,Grade 11,Grade 12",8
/lists/wuwzr44z/poisonwood-bible,Grade 11,1
/lists/wvceacd5/twilight,"Grade 8,Grade 9,Grade 10,Grade 11,Grade 12",5
/lists/wwhbu4wt/one-and-only-ivan,Grade 5,1
/lists/wwnndfxk/in-the-shadow-of-liberty,"Grade 9,Grade 10,Grade 11,Grade 12",4
/lists/wxuql44w/ella-enchanted,"Grade 5,Grade 6",2
/lists/x4izrnyk/posted,Grade 5,1
/lists/x52pkuxy/alices-adventures-in-wonderland,"Grade 6,Grade 7,Grade 8",3
/lists/x57aapg3/snow-falling-on-cedars,"Grade 9,Grade 10,Grade 11,Grade 12",4
/lists/x6acjnl7/ap-english-language-and-composition-exam,"Grade 11,Grade 12",2
/lists/x7onf73h/incredible-journey,Grade 5,1
/lists/x7sr3hfj/tiger-tiger,"Grade 6,Grade 7,Grade 8",3
/lists/x7xt6hxi/grand-escape,"Grade 6,Grade 7,Grade 8,Grade 9,Grade 10,Grade 11,Grade 12",7
/lists/xafrwlae/run-book-one,"Grade 7,Grade 8,Grade 9,Grade 10,Grade 11,Grade 12",6
/lists/xax3mhqe/walden,"Grade 9,Grade 10,Grade 11,Grade 12",4
/lists/xcv3cvnz/votes-for-women,"Grade 6,Grade 7,Grade 8,Grade 9,Grade 10,Grade 11,Grade 12",7
/lists/xcz5namn/wily-words,"Grade 9,Grade 10",2
/lists/xdf4o5f7/federalist-papers,"Grade 6,Grade 7,Grade 8,Grade 9,Grade 10,Grade 11,Grade 12",7
/lists/xhluhhip/in-real-life,"Grade 7,Grade 8,Grade 9,Grade 10,Grade 11,Grade 12",6
/lists/xihaemx4/bless-me-ultima,Grade 9,1
/lists/xjfbml34/secret-coders,"Grade 5,Grade 7,Grade 8,Grade 9,Grade 10,Grade 11,Grade 12",7
/lists/xkrmzdvb/katt-vs-dogg,Grade 5,1
/lists/xl5nhoxt/killing-lincoln,"Grade 6,Grade 7,Grade 8,Grade 9,Grade 10,Grade 11,Grade 12",7
/lists/xlix4y3s/greetings-world-traveler,Grade 5,1
/lists/xlukdge2/my-fine-fellow,"Grade 6,Grade 7,Grade 8,Grade 9,Grade 10,Grade 11,Grade 12",7
/lists/xmluz7oc/picture-of-dorian-gray,"Grade 6,Grade 7,Grade 8",3
/lists/xn5bq4d2/midnight-rider,"Grade 6,Grade 7,Grade 8",3
/lists/xocu56rc/life-of-pi,Grade 8,1
/lists/xorud7c2/battle-of-the-books-202021,Grade 12,1
/lists/xowhzkb3/with-the-fire-on-high,Grade 8,1
/lists/xpclx43d/graceling,"Grade 9,Grade 10,Grade 11,Grade 12",4
/lists/xq7mc3lj/1919,"Grade 6,Grade 7,Grade 8,Grade 9,Grade 10,Grade 11,Grade 12",7
/lists/xr7k6hak/120-words-every-12th-grader-should-know,Grade 12,1
/lists/xspjxzyg/zlatas-diary,"Grade 5,Grade 6,Grade 7,Grade 8,Grade 9,Grade 10,Grade 11,Grade 12",8
/lists/xtnybuhb/dark-is-rising,"Grade 6,Grade 8,Grade 9,Grade 10,Grade 11,Grade 12",6
/lists/xwrgbr7x/common-sense,"Grade 6,Grade 7,Grade 8,Grade 9,Grade 10,Grade 11,Grade 12",7
/lists/xz66lkxd/girl-with-a-pearl-earring,"Grade 6,Grade 7,Grade 8,Grade 9,Grade 10,Grade 11,Grade 12",7
/lists/y2zsfnas/gathering-blue,Grade 6,1
/lists/y3d3pq2k/new-jim-crow,"Grade 6,Grade 7,Grade 8,Grade 9,Grade 10,Grade 11,Grade 12",7
/lists/y3ejdsfn/nimona,"Grade 7,Grade 8",2
/lists/y3isgtex/sal-and-gabi-break-the-universe,Grade 5,1
/lists/y44eeasz/thousand-sisters,"Grade 6,Grade 7,Grade 8,Grade 9,Grade 10,Grade 11,Grade 12",7
/lists/y4u7rd2s/from-the-desk-of-zoe-washington,Grade 5,1
/lists/y6vlju4e/among-the-hidden,"Grade 5,Grade 6,Grade 7,Grade 8",4
/lists/y7ahn5ai/sword-of-summer,Grade 5,1
/lists/ycocwrfr/perks-of-being-a-wallflower,"Grade 9,Grade 10,Grade 11,Grade 12",4
/lists/yd25z735/oedipus-the-king,"Grade 9,Grade 10,Grade 11,Grade 12",4
/lists/ydbyroir/legend-of-auntie-po,"Grade 5,Grade 7,Grade 8,Grade 9,Grade 10,Grade 11,Grade 12",7
/lists/ygm446gp/sun-is-also-a-star,Grade 9,1
/lists/yhjhr26s/death-comes-for-the-archbishop,"Grade 9,Grade 10,Grade 11,Grade 12",4
/lists/yhjzp2dh/city-beautiful,"Grade 9,Grade 10,Grade 11,Grade 12",4
/lists/yhlexelz/uprooted,"Grade 6,Grade 7,Grade 8,Grade 9,Grade 10,Grade 11,Grade 12",7
/lists/yhy736ev/school-for-whatnots,Grade 5,1
/lists/yi4n3h3q/ged-the-language-of-the-test,"Grade 11,Grade 12",2
/lists/yim7rk5o/maus-i-my-father-bleeds-history,"Grade 6,Grade 7,Grade 8,Grade 9,Grade 10,Grade 11,Grade 12",7
/lists/yjhwbxuq/hunger-of-memory,"Grade 7,Grade 8,Grade 9,Grade 10,Grade 11,Grade 12",6
/lists/yl2fc4ix/other-words-for-home,Grade 5,1
/lists/ym32ly3h/5th-grade-human-geography,Grade 5,1
/lists/yn6yv7xc/most-dangerous,"Grade 6,Grade 7,Grade 8,Grade 9,Grade 10,Grade 11,Grade 12",7
/lists/ynhfzjva/count-of-monte-cristo,Grade 8,1
/lists/yo3pzxur/this-promise-of-change,Grade 5,1
/lists/yollemca/october-sky,"Grade 7,Grade 8,Grade 9,Grade 10,Grade 11,Grade 12",6
/lists/ypu2wnvt/florida-collections-grade-8,Grade 12,1
/lists/yryl7ppo/they-call-me-guero,Grade 5,1
/lists/ywskmdue/homecoming,"Grade 7,Grade 8",2
/lists/yy5k5oej/walk-in-the-woods,"Grade 9,Grade 10,Grade 11,Grade 12",4
/lists/yydnx4ko/boy-who-invented-tv,"Grade 5,Grade 9,Grade 10,Grade 11,Grade 12",5
/lists/yzpftjqw/essential-academic-vocabulary-from-middle-school-students,"Grade 6,Grade 7,Grade 8",3
/lists/z2vib74c/eight-cousins,"Grade 6,Grade 7,Grade 8",3
/lists/z3he6n5c/all-the-light-we-cannot-see,"Grade 6,Grade 7,Grade 8,Grade 9,Grade 10,Grade 11,Grade 12",7
/lists/z3vx7ukn/1984,Grade 9,1
/lists/z4kiqgig/grades-1012-202425,Grade 12,1
/lists/z4wo6wki/crossover,"Grade 5,Grade 7",2
/lists/zbicvala/rock-and-the-river,"Grade 6,Grade 7,Grade 8,Grade 9,Grade 10,Grade 11,Grade 12",7
/lists/zcxz7e62/juneteenth,Grade 5,1
/lists/zd644bvs/cruel-prince,Grade 8,1
/lists/zdgunsn6/al-capone-does-my-shirts,"Grade 5,Grade 6,Grade 7,Grade 8",4
/lists/zes2voqb/paper-towns,"Grade 9,Grade 10,Grade 11,Grade 12",4
/lists/zfg6tz76/commonly-confused-words-grades-11-and-12,"Grade 11,Grade 12",2
/lists/zfjelaji/stars-beneath-our-feet,Grade 5,1
/lists/zfmqv2hj/devils-arithmetic,"Grade 6,Grade 7,Grade 8,Grade 9,Grade 10,Grade 11,Grade 12",7
/lists/zfrij4sy/one-crazy-summer,"Grade 5,Grade 6,Grade 7,Grade 8",4
/lists/zfwpksja/importance-of-being-earnest,"Grade 6,Grade 7,Grade 8,Grade 9,Grade 10,Grade 11,Grade 12",7
/lists/zgkog4wn/long-ride,"Grade 6,Grade 7,Grade 8",3
/lists/zgnxrsb4/ordinary-hazards,"Grade 7,Grade 8,Grade 9,Grade 10,Grade 11,Grade 12",6
/lists/zhsblvyp/walk-two-moons,"Grade 5,Grade 6,Grade 7,Grade 8",4
/lists/zhypqgor/metamorphosis,"Grade 9,Grade 10,Grade 12",3
/lists/zj4nn3c2/golden-goblet,"Grade 6,Grade 7,Grade 8",3
/lists/zmuyqkwy/eleanor-park,Grade 10,1
/lists/zp4k36ye/art-attack-the-vocabulary-of-creativity,"Grade 11,Grade 12",2
/lists/zs6noojc/moon-over-manifest,"Grade 5,Grade 6,Grade 7,Grade 8",4
/lists/zsd536a6/three-little-words,"Grade 7,Grade 8,Grade 9,Grade 10,Grade 11,Grade 12",6
/lists/ztnipcni/witch-boy,Grade 5,1
/lists/zuodvehb/circuit,"Grade 6,Grade 7,Grade 8,Grade 9,Grade 10,Grade 11,Grade 12",7
/lists/zvjdy2kq/night-to-remember,"Grade 6,Grade 7,Grade 8",3
/lists/zvyovlmv/creative-writing-high-school,"Grade 9,Grade 10,Grade 11,Grade 12",4
/lists/zx64qrvr/winesburg-ohio,"Grade 6,Grade 7,Grade 8,Grade 9,Grade 10,Grade 11,Grade 12",7
